STATION_ID,DURATION,SENSOR_NUMBER,SENSOR_TYPE,DATE TIME,OBS DATE,VALUE,DATA_FLAG,UNITS,,
TLG,M,65,MON FNF,19001001 0000,19951222 0000,79000,,AF,,
TLG,M,65,MON FNF,19001101 0000,19951222 0000,159000,,AF,,
TLG,M,65,MON FNF,19001201 0000,19951222 0000,85300,,AF,,
TLG,M,65,MON FNF,19010101 0000,19951222 0000,223000,,AF,,
TLG,M,65,MON FNF,19010201 0000,19951222 0000,436000,,AF,,
TLG,M,65,MON FNF,19010301 0000,19951222 0000,245000,,AF,,
TLG,M,65,MON FNF,19010401 0000,19951222 0000,257000,,AF,,
TLG,M,65,MON FNF,19010501 0000,19951222 0000,532000,,AF,,
TLG,M,65,MON FNF,19010601 0000,19951222 0000,590000,,AF,,
TLG,M,65,MON FNF,19010701 0000,19951222 0000,252000,,AF,,
TLG,M,65,MON FNF,19010801 0000,19951222 0000,51900,,AF,,
TLG,M,65,MON FNF,19010901 0000,19951222 0000,10700,,AF,,
TLG,M,65,MON FNF,19011001 0000,19951222 0000,13700,,AF,,
TLG,M,65,MON FNF,19011101 0000,19951222 0000,35900,,AF,,
TLG,M,65,MON FNF,19011201 0000,19951222 0000,86400,,AF,,
TLG,M,65,MON FNF,19020101 0000,19951222 0000,22500,,AF,,
TLG,M,65,MON FNF,19020201 0000,19951222 0000,84000,,AF,,
TLG,M,65,MON FNF,19020301 0000,19951222 0000,139000,,AF,,
TLG,M,65,MON FNF,19020401 0000,19951222 0000,292000,,AF,,
TLG,M,65,MON FNF,19020501 0000,19951222 0000,398000,,AF,,
TLG,M,65,MON FNF,19020601 0000,19951222 0000,401000,,AF,,
TLG,M,65,MON FNF,19020701 0000,19951222 0000,84200,,AF,,
TLG,M,65,MON FNF,19020801 0000,19951222 0000,27000,,AF,,
TLG,M,65,MON FNF,19020901 0000,19951222 0000,6140,,AF,,
TLG,M,65,MON FNF,19021001 0000,19951222 0000,7840,,AF,,
TLG,M,65,MON FNF,19021101 0000,19951222 0000,41000,,AF,,
TLG,M,65,MON FNF,19021201 0000,19951222 0000,50900,,AF,,
TLG,M,65,MON FNF,19030101 0000,19951222 0000,123000,,AF,,
TLG,M,65,MON FNF,19030201 0000,19951222 0000,93700,,AF,,
TLG,M,65,MON FNF,19030301 0000,19951222 0000,195000,,AF,,
TLG,M,65,MON FNF,19030401 0000,19951222 0000,341000,,AF,,
TLG,M,65,MON FNF,19030501 0000,19951222 0000,479000,,AF,,
TLG,M,65,MON FNF,19030601 0000,19951222 0000,439000,,AF,,
TLG,M,65,MON FNF,19030701 0000,19951222 0000,83400,,AF,,
TLG,M,65,MON FNF,19030801 0000,19951222 0000,16500,,AF,,
TLG,M,65,MON FNF,19030901 0000,19951222 0000,7010,,AF,,
TLG,M,65,MON FNF,19031001 0000,19951222 0000,5400,,AF,,
TLG,M,65,MON FNF,19031101 0000,19951222 0000,59300,,AF,,
TLG,M,65,MON FNF,19031201 0000,19951222 0000,26600,,AF,,
TLG,M,65,MON FNF,19040101 0000,19951222 0000,26000,,AF,,
TLG,M,65,MON FNF,19040201 0000,19951222 0000,217000,,AF,,
TLG,M,65,MON FNF,19040301 0000,19951222 0000,334000,,AF,,
TLG,M,65,MON FNF,19040401 0000,19951222 0000,350000,,AF,,
TLG,M,65,MON FNF,19040501 0000,19951222 0000,656000,,AF,,
TLG,M,65,MON FNF,19040601 0000,19951222 0000,517000,,AF,,
TLG,M,65,MON FNF,19040701 0000,19951222 0000,164000,,AF,,
TLG,M,65,MON FNF,19040801 0000,19951222 0000,46500,,AF,,
TLG,M,65,MON FNF,19040901 0000,19951222 0000,37600,,AF,,
TLG,M,65,MON FNF,19041001 0000,19951222 0000,197000,,AF,,
TLG,M,65,MON FNF,19041101 0000,19951222 0000,45400,,AF,,
TLG,M,65,MON FNF,19041201 0000,19951222 0000,28500,,AF,,
TLG,M,65,MON FNF,19050101 0000,19050131 0000,45200,,AF,,
TLG,M,65,MON FNF,19050201 0000,19050228 0000,103000,,AF,,
TLG,M,65,MON FNF,19050301 0000,19050331 0000,200000,,AF,,
TLG,M,65,MON FNF,19050401 0000,19050430 0000,227000,,AF,,
TLG,M,65,MON FNF,19050501 0000,19050531 0000,345000,,AF,,
TLG,M,65,MON FNF,19050601 0000,19050630 0000,337000,,AF,,
TLG,M,65,MON FNF,19050701 0000,19050731 0000,81300,,AF,,
TLG,M,65,MON FNF,19050801 0000,19050831 0000,14900,,AF,,
TLG,M,65,MON FNF,19050901 0000,19050930 0000,6420,,AF,,
TLG,M,65,MON FNF,19051001 0000,19051031 0000,2410,,AF,,
TLG,M,65,MON FNF,19051101 0000,19051130 0000,3530,,AF,,
TLG,M,65,MON FNF,19051201 0000,19051231 0000,8280,,AF,,
TLG,M,65,MON FNF,19060101 0000,19060131 0000,180000,,AF,,
TLG,M,65,MON FNF,19060201 0000,19060228 0000,120000,,AF,,
TLG,M,65,MON FNF,19060301 0000,19060331 0000,453000,,AF,,
TLG,M,65,MON FNF,19060401 0000,19060430 0000,400000,,AF,,
TLG,M,65,MON FNF,19060501 0000,19060531 0000,699000,,AF,,
TLG,M,65,MON FNF,19060601 0000,19060630 0000,852000,,AF,,
TLG,M,65,MON FNF,19060701 0000,19060731 0000,731000,,AF,,
TLG,M,65,MON FNF,19060801 0000,19060831 0000,133000,,AF,,
TLG,M,65,MON FNF,19060901 0000,19060930 0000,27800,,AF,,
TLG,M,65,MON FNF,19061001 0000,19061031 0000,12400,,AF,,
TLG,M,65,MON FNF,19061101 0000,19061130 0000,16100,,AF,,
TLG,M,65,MON FNF,19061201 0000,19061231 0000,92400,,AF,,
TLG,M,65,MON FNF,19070101 0000,19070131 0000,149000,,AF,,
TLG,M,65,MON FNF,19070201 0000,19070228 0000,238000,,AF,,
TLG,M,65,MON FNF,19070301 0000,19070331 0000,697000,,AF,,
TLG,M,65,MON FNF,19070401 0000,19070430 0000,579000,,AF,,
TLG,M,65,MON FNF,19070501 0000,19070531 0000,642000,,AF,,
TLG,M,65,MON FNF,19070601 0000,19070630 0000,662000,,AF,,
TLG,M,65,MON FNF,19070701 0000,19070731 0000,498000,,AF,,
TLG,M,65,MON FNF,19070801 0000,19070831 0000,133000,,AF,,
TLG,M,65,MON FNF,19070901 0000,19070930 0000,30600,,AF,,
TLG,M,65,MON FNF,19071001 0000,19071031 0000,18300,,AF,,
TLG,M,65,MON FNF,19071101 0000,19071130 0000,18000,,AF,,
TLG,M,65,MON FNF,19071201 0000,19071231 0000,38000,,AF,,
TLG,M,65,MON FNF,19080101 0000,19080131 0000,58700,,AF,,
TLG,M,65,MON FNF,19080201 0000,19080229 0000,47000,,AF,,
TLG,M,65,MON FNF,19080301 0000,19080331 0000,112000,,AF,,
TLG,M,65,MON FNF,19080401 0000,19080430 0000,207000,,AF,,
TLG,M,65,MON FNF,19080501 0000,19080531 0000,251000,,AF,,
TLG,M,65,MON FNF,19080601 0000,19080630 0000,182000,,AF,,
TLG,M,65,MON FNF,19080701 0000,19080731 0000,62600,,AF,,
TLG,M,65,MON FNF,19080801 0000,19080831 0000,23900,,AF,,
TLG,M,65,MON FNF,19080901 0000,19080930 0000,5060,,AF,,
TLG,M,65,MON FNF,19081001 0000,19081031 0000,13800,,AF,,
TLG,M,65,MON FNF,19081101 0000,19081130 0000,12800,,AF,,
TLG,M,65,MON FNF,19081201 0000,19081231 0000,21100,,AF,,
TLG,M,65,MON FNF,19090101 0000,19090131 0000,405000,,AF,,
TLG,M,65,MON FNF,19090201 0000,19090228 0000,276000,,AF,,
TLG,M,65,MON FNF,19090301 0000,19090331 0000,180000,,AF,,
TLG,M,65,MON FNF,19090401 0000,19090430 0000,340000,,AF,,
TLG,M,65,MON FNF,19090501 0000,19090531 0000,520000,,AF,,
TLG,M,65,MON FNF,19090601 0000,19090630 0000,646000,,AF,,
TLG,M,65,MON FNF,19090701 0000,19090731 0000,212000,,AF,,
TLG,M,65,MON FNF,19090801 0000,19090831 0000,31800,,AF,,
TLG,M,65,MON FNF,19090901 0000,19090930 0000,10900,,AF,,
TLG,M,65,MON FNF,19091001 0000,19091031 0000,28400,,AF,,
TLG,M,65,MON FNF,19091101 0000,19091130 0000,154000,,AF,,
TLG,M,65,MON FNF,19091201 0000,19091231 0000,237000,,AF,,
TLG,M,65,MON FNF,19100101 0000,19100131 0000,197000,,AF,,
TLG,M,65,MON FNF,19100201 0000,19100228 0000,108000,,AF,,
TLG,M,65,MON FNF,19100301 0000,19100331 0000,241000,,AF,,
TLG,M,65,MON FNF,19100401 0000,19100430 0000,419000,,AF,,
TLG,M,65,MON FNF,19100501 0000,19100531 0000,465000,,AF,,
TLG,M,65,MON FNF,19100601 0000,19100630 0000,202000,,AF,,
TLG,M,65,MON FNF,19100701 0000,19100731 0000,51400,,AF,,
TLG,M,65,MON FNF,19100801 0000,19100831 0000,12100,,AF,,
TLG,M,65,MON FNF,19100901 0000,19100930 0000,16800,,AF,,
TLG,M,65,MON FNF,19101001 0000,19101031 0000,16600,,AF,,
TLG,M,65,MON FNF,19101101 0000,19101130 0000,20300,,AF,,
TLG,M,65,MON FNF,19101201 0000,19101231 0000,39800,,AF,,
TLG,M,65,MON FNF,19110101 0000,19110131 0000,373000,,AF,,
TLG,M,65,MON FNF,19110201 0000,19110228 0000,221000,,AF,,
TLG,M,65,MON FNF,19110301 0000,19110331 0000,450000,,AF,,
TLG,M,65,MON FNF,19110401 0000,19110430 0000,438000,,AF,,
TLG,M,65,MON FNF,19110501 0000,19110531 0000,516000,,AF,,
TLG,M,65,MON FNF,19110601 0000,19110630 0000,817000,,AF,,
TLG,M,65,MON FNF,19110701 0000,19110731 0000,451000,,AF,,
TLG,M,65,MON FNF,19110801 0000,19110831 0000,63800,,AF,,
TLG,M,65,MON FNF,19110901 0000,19110930 0000,15600,,AF,,
TLG,M,65,MON FNF,19111001 0000,19111031 0000,9350,,AF,,
TLG,M,65,MON FNF,19111101 0000,19111130 0000,8450,,AF,,
TLG,M,65,MON FNF,19111201 0000,19111231 0000,13900,,AF,,
TLG,M,65,MON FNF,19120101 0000,19120131 0000,27700,,AF,,
TLG,M,65,MON FNF,19120201 0000,19120229 0000,27700,,AF,,
TLG,M,65,MON FNF,19120301 0000,19120331 0000,60600,,AF,,
TLG,M,65,MON FNF,19120401 0000,19120430 0000,101000,,AF,,
TLG,M,65,MON FNF,19120501 0000,19120531 0000,333000,,AF,,
TLG,M,65,MON FNF,19120601 0000,19120630 0000,384000,,AF,,
TLG,M,65,MON FNF,19120701 0000,19120731 0000,65800,,AF,,
TLG,M,65,MON FNF,19120801 0000,19120831 0000,12400,,AF,,
TLG,M,65,MON FNF,19120901 0000,19120930 0000,7080,,AF,,
TLG,M,65,MON FNF,19121001 0000,19121031 0000,3530,,AF,,
TLG,M,65,MON FNF,19121101 0000,19121130 0000,26500,,AF,,
TLG,M,65,MON FNF,19121201 0000,19121231 0000,12600,,AF,,
TLG,M,65,MON FNF,19130101 0000,19130131 0000,22000,,AF,,
TLG,M,65,MON FNF,19130201 0000,19130228 0000,28900,,AF,,
TLG,M,65,MON FNF,19130301 0000,19130331 0000,53300,,AF,,
TLG,M,65,MON FNF,19130401 0000,19130430 0000,173000,,AF,,
TLG,M,65,MON FNF,19130501 0000,19130531 0000,392000,,AF,,
TLG,M,65,MON FNF,19130601 0000,19130630 0000,241000,,AF,,
TLG,M,65,MON FNF,19130701 0000,19130731 0000,72000,,AF,,
TLG,M,65,MON FNF,19130801 0000,19130831 0000,32000,,AF,,
TLG,M,65,MON FNF,19130901 0000,19130930 0000,24500,,AF,,
TLG,M,65,MON FNF,19131001 0000,19131031 0000,3900,,AF,,
TLG,M,65,MON FNF,19131101 0000,19131130 0000,13500,,AF,,
TLG,M,65,MON FNF,19131201 0000,19131231 0000,15300,,AF,,
TLG,M,65,MON FNF,19140101 0000,19140131 0000,416000,,AF,,
TLG,M,65,MON FNF,19140201 0000,19140228 0000,195000,,AF,,
TLG,M,65,MON FNF,19140301 0000,19140331 0000,235000,,AF,,
TLG,M,65,MON FNF,19140401 0000,19140430 0000,313000,,AF,,
TLG,M,65,MON FNF,19140501 0000,19140531 0000,568000,,AF,,
TLG,M,65,MON FNF,19140601 0000,19140630 0000,541000,,AF,,
TLG,M,65,MON FNF,19140701 0000,19140731 0000,259000,,AF,,
TLG,M,65,MON FNF,19140801 0000,19140831 0000,52400,,AF,,
TLG,M,65,MON FNF,19140901 0000,19140930 0000,11600,,AF,,
TLG,M,65,MON FNF,19141001 0000,19141031 0000,5550,,AF,,
TLG,M,65,MON FNF,19141101 0000,19141130 0000,5400,,AF,,
TLG,M,65,MON FNF,19141201 0000,19141231 0000,7500,,AF,,
TLG,M,65,MON FNF,19150101 0000,19150131 0000,56100,,AF,,
TLG,M,65,MON FNF,19150201 0000,19150228 0000,200000,,AF,,
TLG,M,65,MON FNF,19150301 0000,19150331 0000,180000,,AF,,
TLG,M,65,MON FNF,19150401 0000,19150430 0000,303000,,AF,,
TLG,M,65,MON FNF,19150501 0000,19150531 0000,472000,,AF,,
TLG,M,65,MON FNF,19150601 0000,19150630 0000,578000,,AF,,
TLG,M,65,MON FNF,19150701 0000,19150731 0000,208000,,AF,,
TLG,M,65,MON FNF,19150801 0000,19150831 0000,23600,,AF,,
TLG,M,65,MON FNF,19150901 0000,19150930 0000,5730,,AF,,
TLG,M,65,MON FNF,19151001 0000,19151031 0000,4840,,AF,,
TLG,M,65,MON FNF,19151101 0000,19151130 0000,3630,,AF,,
TLG,M,65,MON FNF,19151201 0000,19151231 0000,11100,,AF,,
TLG,M,65,MON FNF,19160101 0000,19160131 0000,221000,,AF,,
TLG,M,65,MON FNF,19160201 0000,19160229 0000,183000,,AF,,
TLG,M,65,MON FNF,19160301 0000,19160331 0000,403000,,AF,,
TLG,M,65,MON FNF,19160401 0000,19160430 0000,431000,,AF,,
TLG,M,65,MON FNF,19160501 0000,19160531 0000,491000,,AF,,
TLG,M,65,MON FNF,19160601 0000,19160630 0000,505000,,AF,,
TLG,M,65,MON FNF,19160701 0000,19160731 0000,196000,,AF,,
TLG,M,65,MON FNF,19160801 0000,19160831 0000,34400,,AF,,
TLG,M,65,MON FNF,19160901 0000,19160930 0000,14200,,AF,,
TLG,M,65,MON FNF,19161001 0000,19161031 0000,71300,,AF,,
TLG,M,65,MON FNF,19161101 0000,19161130 0000,35900,,AF,,
TLG,M,65,MON FNF,19161201 0000,19161231 0000,66400,,AF,,
TLG,M,65,MON FNF,19170101 0000,19170131 0000,53900,,AF,,
TLG,M,65,MON FNF,19170201 0000,19170228 0000,224000,,AF,,
TLG,M,65,MON FNF,19170301 0000,19170331 0000,141000,,AF,,
TLG,M,65,MON FNF,19170401 0000,19170430 0000,281000,,AF,,
TLG,M,65,MON FNF,19170501 0000,19170531 0000,437000,,AF,,
TLG,M,65,MON FNF,19170601 0000,19170630 0000,678000,,AF,,
TLG,M,65,MON FNF,19170701 0000,19170731 0000,199000,,AF,,
TLG,M,65,MON FNF,19170801 0000,19170831 0000,26600,,AF,,
TLG,M,65,MON FNF,19170901 0000,19170930 0000,8930,,AF,,
TLG,M,65,MON FNF,19171001 0000,19171031 0000,4470,,AF,,
TLG,M,65,MON FNF,19171101 0000,19171130 0000,5910,,AF,,
TLG,M,65,MON FNF,19171201 0000,19171231 0000,11100,,AF,,
TLG,M,65,MON FNF,19180101 0000,19180131 0000,12200,,AF,,
TLG,M,65,MON FNF,19180201 0000,19180228 0000,54570,,AF,,
TLG,M,65,MON FNF,19180301 0000,19180331 0000,267020,,AF,,
TLG,M,65,MON FNF,19180401 0000,19180430 0000,280390,,AF,,
TLG,M,65,MON FNF,19180501 0000,19180531 0000,347280,,AF,,
TLG,M,65,MON FNF,19180601 0000,19180630 0000,415320,,AF,,
TLG,M,65,MON FNF,19180701 0000,19180731 0000,42200,,AF,,
TLG,M,65,MON FNF,19180801 0000,19180831 0000,8020,,AF,,
TLG,M,65,MON FNF,19180901 0000,19180930 0000,13110,,AF,,
TLG,M,65,MON FNF,19181001 0000,19181031 0000,52230,,AF,,
TLG,M,65,MON FNF,19181101 0000,19181130 0000,34170,,AF,,
TLG,M,65,MON FNF,19181201 0000,19181231 0000,32710,,AF,,
TLG,M,65,MON FNF,19190101 0000,19190131 0000,20430,,AF,,
TLG,M,65,MON FNF,19190201 0000,19190228 0000,77990,,AF,,
TLG,M,65,MON FNF,19190301 0000,19190331 0000,117890,,AF,,
TLG,M,65,MON FNF,19190401 0000,19190430 0000,268610,,AF,,
TLG,M,65,MON FNF,19190501 0000,19190531 0000,563190,,AF,,
TLG,M,65,MON FNF,19190601 0000,19190630 0000,143950,,AF,,
TLG,M,65,MON FNF,19190701 0000,19190731 0000,24950,,AF,,
TLG,M,65,MON FNF,19190801 0000,19190831 0000,7100,,AF,,
TLG,M,65,MON FNF,19190901 0000,19190930 0000,3960,,AF,,
TLG,M,65,MON FNF,19191001 0000,19191031 0000,5860,,AF,,
TLG,M,65,MON FNF,19191101 0000,19191130 0000,4190,,AF,,
TLG,M,65,MON FNF,19191201 0000,19191231 0000,24730,,AF,,
TLG,M,65,MON FNF,19200101 0000,19200131 0000,24790,,AF,,
TLG,M,65,MON FNF,19200201 0000,19200229 0000,29030,,AF,,
TLG,M,65,MON FNF,19200301 0000,19200331 0000,161640,,AF,,
TLG,M,65,MON FNF,19200401 0000,19200430 0000,231040,,AF,,
TLG,M,65,MON FNF,19200501 0000,19200531 0000,478570,,AF,,
TLG,M,65,MON FNF,19200601 0000,19200630 0000,315070,,AF,,
TLG,M,65,MON FNF,19200701 0000,19200731 0000,48310,,AF,,
TLG,M,65,MON FNF,19200801 0000,19200831 0000,12450,,AF,,
TLG,M,65,MON FNF,19200901 0000,19200930 0000,6630,,AF,,
TLG,M,65,MON FNF,19201001 0000,19201031 0000,41080,,AF,,
TLG,M,65,MON FNF,19201101 0000,19201130 0000,53300,,AF,,
TLG,M,65,MON FNF,19201201 0000,19201231 0000,69550,,AF,,
TLG,M,65,MON FNF,19210101 0000,19210131 0000,196200,,AF,,
TLG,M,65,MON FNF,19210201 0000,19210228 0000,155940,,AF,,
TLG,M,65,MON FNF,19210301 0000,19210331 0000,231770,,AF,,
TLG,M,65,MON FNF,19210401 0000,19210430 0000,254350,,AF,,
TLG,M,65,MON FNF,19210501 0000,19210531 0000,442190,,AF,,
TLG,M,65,MON FNF,19210601 0000,19210630 0000,458320,,AF,,
TLG,M,65,MON FNF,19210701 0000,19210731 0000,95170,,AF,,
TLG,M,65,MON FNF,19210801 0000,19210831 0000,13500,,AF,,
TLG,M,65,MON FNF,19210901 0000,19210930 0000,6560,,AF,,
TLG,M,65,MON FNF,19211001 0000,19211031 0000,5800,,AF,,
TLG,M,65,MON FNF,19211101 0000,19211130 0000,6080,,AF,,
TLG,M,65,MON FNF,19211201 0000,19211231 0000,54600,,AF,,
TLG,M,65,MON FNF,19220101 0000,19220131 0000,71720,,AF,,
TLG,M,65,MON FNF,19220201 0000,19220228 0000,189460,,AF,,
TLG,M,65,MON FNF,19220301 0000,19220331 0000,181280,,AF,,
TLG,M,65,MON FNF,19220401 0000,19220430 0000,260350,,AF,,
TLG,M,65,MON FNF,19220501 0000,19220531 0000,717530,,AF,,
TLG,M,65,MON FNF,19220601 0000,19220630 0000,751930,,AF,,
TLG,M,65,MON FNF,19220701 0000,19220731 0000,194560,,AF,,
TLG,M,65,MON FNF,19220801 0000,19220831 0000,27220,,AF,,
TLG,M,65,MON FNF,19220901 0000,19220930 0000,10390,,AF,,
TLG,M,65,MON FNF,19221001 0000,19221031 0000,10600,,AF,,
TLG,M,65,MON FNF,19221101 0000,19221130 0000,31610,,AF,,
TLG,M,65,MON FNF,19221201 0000,19221231 0000,123930,,AF,,
TLG,M,65,MON FNF,19230101 0000,19230131 0000,113590,,AF,,
TLG,M,65,MON FNF,19230201 0000,19230228 0000,79520,,AF,,
TLG,M,65,MON FNF,19230301 0000,19230331 0000,113110,,AF,,
TLG,M,65,MON FNF,19230401 0000,19230430 0000,265740,,AF,,
TLG,M,65,MON FNF,19230501 0000,19230531 0000,521300,,AF,,
TLG,M,65,MON FNF,19230601 0000,19230630 0000,319130,,AF,,
TLG,M,65,MON FNF,19230701 0000,19230731 0000,157840,,AF,,
TLG,M,65,MON FNF,19230801 0000,19230831 0000,27340,,AF,,
TLG,M,65,MON FNF,19230901 0000,19230930 0000,22270,,AF,,
TLG,M,65,MON FNF,19231001 0000,19231031 0000,28510,,AF,,
TLG,M,65,MON FNF,19231101 0000,19231130 0000,13620,,AF,,
TLG,M,65,MON FNF,19231201 0000,19231231 0000,13760,,AF,,
TLG,M,65,MON FNF,19240101 0000,19240131 0000,25340,,AF,,
TLG,M,65,MON FNF,19240201 0000,19240229 0000,41620,,AF,,
TLG,M,65,MON FNF,19240301 0000,19240331 0000,37860,,AF,,
TLG,M,65,MON FNF,19240401 0000,19240430 0000,138860,,AF,,
TLG,M,65,MON FNF,19240501 0000,19240531 0000,209400,,AF,,
TLG,M,65,MON FNF,19240601 0000,19240630 0000,16850,,AF,,
TLG,M,65,MON FNF,19240701 0000,19240731 0000,16810,,AF,,
TLG,M,65,MON FNF,19240801 0000,19240831 0000,0,,AF,,
TLG,M,65,MON FNF,19240901 0000,19240930 0000,0,,AF,,
TLG,M,65,MON FNF,19241001 0000,19241031 0000,14660,,AF,,
TLG,M,65,MON FNF,19241101 0000,19241130 0000,47910,,AF,,
TLG,M,65,MON FNF,19241201 0000,19241231 0000,51050,,AF,,
TLG,M,65,MON FNF,19250101 0000,19250131 0000,44260,,AF,,
TLG,M,65,MON FNF,19250201 0000,19250228 0000,227090,,AF,,
TLG,M,65,MON FNF,19250301 0000,19250331 0000,165640,,AF,,
TLG,M,65,MON FNF,19250401 0000,19250430 0000,350330,,AF,,
TLG,M,65,MON FNF,19250501 0000,19250531 0000,538440,,AF,,
TLG,M,65,MON FNF,19250601 0000,19250630 0000,352380,,AF,,
TLG,M,65,MON FNF,19250701 0000,19250731 0000,111860,,AF,,
TLG,M,65,MON FNF,19250801 0000,19250831 0000,22650,,AF,,
TLG,M,65,MON FNF,19250901 0000,19250930 0000,5850,,AF,,
TLG,M,65,MON FNF,19251001 0000,19251031 0000,15120,,AF,,
TLG,M,65,MON FNF,19251101 0000,19251130 0000,16210,,AF,,
TLG,M,65,MON FNF,19251201 0000,19251231 0000,32760,,AF,,
TLG,M,65,MON FNF,19260101 0000,19260131 0000,18950,,AF,,
TLG,M,65,MON FNF,19260201 0000,19260228 0000,100580,,AF,,
TLG,M,65,MON FNF,19260301 0000,19260331 0000,127440,,AF,,
TLG,M,65,MON FNF,19260401 0000,19260430 0000,382300,,AF,,
TLG,M,65,MON FNF,19260501 0000,19260531 0000,303780,,AF,,
TLG,M,65,MON FNF,19260601 0000,19260630 0000,89230,,AF,,
TLG,M,65,MON FNF,19260701 0000,19260731 0000,18910,,AF,,
TLG,M,65,MON FNF,19260801 0000,19260831 0000,3250,,AF,,
TLG,M,65,MON FNF,19260901 0000,19260930 0000,1380,,AF,,
TLG,M,65,MON FNF,19261001 0000,19261031 0000,5480,,AF,,
TLG,M,65,MON FNF,19261101 0000,19261130 0000,74080,,AF,,
TLG,M,65,MON FNF,19261201 0000,19261231 0000,60020,,AF,,
TLG,M,65,MON FNF,19270101 0000,19270131 0000,63200,,AF,,
TLG,M,65,MON FNF,19270201 0000,19270228 0000,223130,,AF,,
TLG,M,65,MON FNF,19270301 0000,19270331 0000,159720,,AF,,
TLG,M,65,MON FNF,19270401 0000,19270430 0000,351500,,AF,,
TLG,M,65,MON FNF,19270501 0000,19270531 0000,454090,,AF,,
TLG,M,65,MON FNF,19270601 0000,19270630 0000,476180,,AF,,
TLG,M,65,MON FNF,19270701 0000,19270731 0000,146290,,AF,,
TLG,M,65,MON FNF,19270801 0000,19270831 0000,24590,,AF,,
TLG,M,65,MON FNF,19270901 0000,19270930 0000,13120,,AF,,
TLG,M,65,MON FNF,19271001 0000,19271031 0000,15340,,AF,,
TLG,M,65,MON FNF,19271101 0000,19271130 0000,87010,,AF,,
TLG,M,65,MON FNF,19271201 0000,19271231 0000,44110,,AF,,
TLG,M,65,MON FNF,19280101 0000,19280131 0000,51260,,AF,,
TLG,M,65,MON FNF,19280201 0000,19280229 0000,82210,,AF,,
TLG,M,65,MON FNF,19280301 0000,19280331 0000,343420,,AF,,
TLG,M,65,MON FNF,19280401 0000,19280430 0000,263770,,AF,,
TLG,M,65,MON FNF,19280501 0000,19280531 0000,447770,,AF,,
TLG,M,65,MON FNF,19280601 0000,19280630 0000,152650,,AF,,
TLG,M,65,MON FNF,19280701 0000,19280731 0000,27620,,AF,,
TLG,M,65,MON FNF,19280801 0000,19280831 0000,7300,,AF,,
TLG,M,65,MON FNF,19280901 0000,19280930 0000,2560,,AF,,
TLG,M,65,MON FNF,19281001 0000,19281031 0000,0,,AF,,
TLG,M,65,MON FNF,19281101 0000,19281130 0000,5790,,AF,,
TLG,M,65,MON FNF,19281201 0000,19281231 0000,18120,,AF,,
TLG,M,65,MON FNF,19290101 0000,19290131 0000,19060,,AF,,
TLG,M,65,MON FNF,19290201 0000,19290228 0000,40450,,AF,,
TLG,M,65,MON FNF,19290301 0000,19290331 0000,99400,,AF,,
TLG,M,65,MON FNF,19290401 0000,19290430 0000,148100,,AF,,
TLG,M,65,MON FNF,19290501 0000,19290531 0000,378120,,AF,,
TLG,M,65,MON FNF,19290601 0000,19290630 0000,224690,,AF,,
TLG,M,65,MON FNF,19290701 0000,19290731 0000,40740,,AF,,
TLG,M,65,MON FNF,19290801 0000,19290831 0000,4570,,AF,,
TLG,M,65,MON FNF,19290901 0000,19290930 0000,0,,AF,,
TLG,M,65,MON FNF,19291001 0000,19291031 0000,1860,,AF,,
TLG,M,65,MON FNF,19291101 0000,19291130 0000,1240,,AF,,
TLG,M,65,MON FNF,19291201 0000,19291231 0000,23030,,AF,,
TLG,M,65,MON FNF,19300101 0000,19300131 0000,39030,,AF,,
TLG,M,65,MON FNF,19300201 0000,19300228 0000,70060,,AF,,
TLG,M,65,MON FNF,19300301 0000,19300331 0000,146570,,AF,,
TLG,M,65,MON FNF,19300401 0000,19300430 0000,245920,,AF,,
TLG,M,65,MON FNF,19300501 0000,19300531 0000,274800,,AF,,
TLG,M,65,MON FNF,19300601 0000,19300630 0000,286230,,AF,,
TLG,M,65,MON FNF,19300701 0000,19300731 0000,48840,,AF,,
TLG,M,65,MON FNF,19300801 0000,19300831 0000,9990,,AF,,
TLG,M,65,MON FNF,19300901 0000,19300930 0000,0,,AF,,
TLG,M,65,MON FNF,19301001 0000,19301031 0000,9020,,AF,,
TLG,M,65,MON FNF,19301101 0000,19301130 0000,20370,,AF,,
TLG,M,65,MON FNF,19301201 0000,19301231 0000,10720,,AF,,
TLG,M,65,MON FNF,19310101 0000,19310131 0000,26090,,AF,,
TLG,M,65,MON FNF,19310201 0000,19310228 0000,44490,,AF,,
TLG,M,65,MON FNF,19310301 0000,19310331 0000,66270,,AF,,
TLG,M,65,MON FNF,19310401 0000,19310430 0000,154030,,AF,,
TLG,M,65,MON FNF,19310501 0000,19310531 0000,209320,,AF,,
TLG,M,65,MON FNF,19310601 0000,19310630 0000,49010,,AF,,
TLG,M,65,MON FNF,19310701 0000,19310731 0000,10220,,AF,,
TLG,M,65,MON FNF,19310801 0000,19310831 0000,940,,AF,,
TLG,M,65,MON FNF,19310901 0000,19310930 0000,1810,,AF,,
TLG,M,65,MON FNF,19311001 0000,19311031 0000,1680,,AF,,
TLG,M,65,MON FNF,19311101 0000,19311130 0000,6040,,AF,,
TLG,M,65,MON FNF,19311201 0000,19311231 0000,93660,,AF,,
TLG,M,65,MON FNF,19320101 0000,19320131 0000,79370,,AF,,
TLG,M,65,MON FNF,19320201 0000,19320229 0000,240200,,AF,,
TLG,M,65,MON FNF,19320301 0000,19320331 0000,171590,,AF,,
TLG,M,65,MON FNF,19320401 0000,19320430 0000,245050,,AF,,
TLG,M,65,MON FNF,19320501 0000,19320531 0000,524150,,AF,,
TLG,M,65,MON FNF,19320601 0000,19320630 0000,532660,,AF,,
TLG,M,65,MON FNF,19320701 0000,19320731 0000,175840,,AF,,
TLG,M,65,MON FNF,19320801 0000,19320831 0000,31970,,AF,,
TLG,M,65,MON FNF,19320901 0000,19320930 0000,12040,,AF,,
TLG,M,65,MON FNF,19321001 0000,19321031 0000,5720,,AF,,
TLG,M,65,MON FNF,19321101 0000,19321130 0000,3200,,AF,,
TLG,M,65,MON FNF,19321201 0000,19321231 0000,10860,,AF,,
TLG,M,65,MON FNF,19330101 0000,19330131 0000,26900,,AF,,
TLG,M,65,MON FNF,19330201 0000,19330228 0000,31480,,AF,,
TLG,M,65,MON FNF,19330301 0000,19330331 0000,82590,,AF,,
TLG,M,65,MON FNF,19330401 0000,19330430 0000,170940,,AF,,
TLG,M,65,MON FNF,19330501 0000,19330531 0000,250820,,AF,,
TLG,M,65,MON FNF,19330601 0000,19330630 0000,426150,,AF,,
TLG,M,65,MON FNF,19330701 0000,19330731 0000,75100,,AF,,
TLG,M,65,MON FNF,19330801 0000,19330831 0000,16070,,AF,,
TLG,M,65,MON FNF,19330901 0000,19330930 0000,4540,,AF,,
TLG,M,65,MON FNF,19331001 0000,19331031 0000,0,,AF,,
TLG,M,65,MON FNF,19331101 0000,19331130 0000,7960,,AF,,
TLG,M,65,MON FNF,19331201 0000,19331231 0000,40850,,AF,,
TLG,M,65,MON FNF,19340101 0000,19340131 0000,64910,,AF,,
TLG,M,65,MON FNF,19340201 0000,19340228 0000,89980,,AF,,
TLG,M,65,MON FNF,19340301 0000,19340331 0000,150250,,AF,,
TLG,M,65,MON FNF,19340401 0000,19340430 0000,186390,,AF,,
TLG,M,65,MON FNF,19340501 0000,19340531 0000,149040,,AF,,
TLG,M,65,MON FNF,19340601 0000,19340630 0000,95090,,AF,,
TLG,M,65,MON FNF,19340701 0000,19340731 0000,12070,,AF,,
TLG,M,65,MON FNF,19340801 0000,19340831 0000,6110,,AF,,
TLG,M,65,MON FNF,19340901 0000,19340930 0000,4570,,AF,,
TLG,M,65,MON FNF,19341001 0000,19341031 0000,11180,,AF,,
TLG,M,65,MON FNF,19341101 0000,19341130 0000,47620,,AF,,
TLG,M,65,MON FNF,19341201 0000,19341231 0000,51950,,AF,,
TLG,M,65,MON FNF,19350101 0000,19350131 0000,105900,,AF,,
TLG,M,65,MON FNF,19350201 0000,19350228 0000,107270,,AF,,
TLG,M,65,MON FNF,19350301 0000,19350331 0000,136890,,AF,,
TLG,M,65,MON FNF,19350401 0000,19350430 0000,465490,,AF,,
TLG,M,65,MON FNF,19350501 0000,19350531 0000,530700,,AF,,
TLG,M,65,MON FNF,19350601 0000,19350630 0000,511480,,AF,,
TLG,M,65,MON FNF,19350701 0000,19350731 0000,109590,,AF,,
TLG,M,65,MON FNF,19350801 0000,19350831 0000,20730,,AF,,
TLG,M,65,MON FNF,19350901 0000,19350930 0000,4070,,AF,,
TLG,M,65,MON FNF,19351001 0000,19351031 0000,11590,,AF,,
TLG,M,65,MON FNF,19351101 0000,19351130 0000,19590,,AF,,
TLG,M,65,MON FNF,19351201 0000,19351231 0000,18160,,AF,,
TLG,M,65,MON FNF,19360101 0000,19360131 0000,104790,,AF,,
TLG,M,65,MON FNF,19360201 0000,19360229 0000,351980,,AF,,
TLG,M,65,MON FNF,19360301 0000,19360331 0000,207530,,AF,,
TLG,M,65,MON FNF,19360401 0000,19360430 0000,392940,,AF,,
TLG,M,65,MON FNF,19360501 0000,19360531 0000,520230,,AF,,
TLG,M,65,MON FNF,19360601 0000,19360630 0000,390220,,AF,,
TLG,M,65,MON FNF,19360701 0000,19360731 0000,122450,,AF,,
TLG,M,65,MON FNF,19360801 0000,19360831 0000,17810,,AF,,
TLG,M,65,MON FNF,19360901 0000,19360930 0000,2920,,AF,,
TLG,M,65,MON FNF,19361001 0000,19361031 0000,4320,,AF,,
TLG,M,65,MON FNF,19361101 0000,19361130 0000,8610,,AF,,
TLG,M,65,MON FNF,19361201 0000,19361231 0000,27320,,AF,,
TLG,M,65,MON FNF,19370101 0000,19370131 0000,31430,,AF,,
TLG,M,65,MON FNF,19370201 0000,19370228 0000,273900,,AF,,
TLG,M,65,MON FNF,19370301 0000,19370331 0000,209510,,AF,,
TLG,M,65,MON FNF,19370401 0000,19370430 0000,295600,,AF,,
TLG,M,65,MON FNF,19370501 0000,19370531 0000,633900,,AF,,
TLG,M,65,MON FNF,19370601 0000,19370630 0000,399410,,AF,,
TLG,M,65,MON FNF,19370701 0000,19370731 0000,91360,,AF,,
TLG,M,65,MON FNF,19370801 0000,19370831 0000,16850,,AF,,
TLG,M,65,MON FNF,19370901 0000,19370930 0000,4800,,AF,,
TLG,M,65,MON FNF,19371001 0000,19371031 0000,9150,,AF,,
TLG,M,65,MON FNF,19371101 0000,19371130 0000,18760,,AF,,
TLG,M,65,MON FNF,19371201 0000,19371231 0000,312560,,AF,,
TLG,M,65,MON FNF,19380101 0000,19380131 0000,101940,,AF,,
TLG,M,65,MON FNF,19380201 0000,19380228 0000,322740,,AF,,
TLG,M,65,MON FNF,19380301 0000,19380331 0000,424840,,AF,,
TLG,M,65,MON FNF,19380401 0000,19380430 0000,422380,,AF,,
TLG,M,65,MON FNF,19380501 0000,19380531 0000,720160,,AF,,
TLG,M,65,MON FNF,19380601 0000,19380630 0000,711600,,AF,,
TLG,M,65,MON FNF,19380701 0000,19380731 0000,305190,,AF,,
TLG,M,65,MON FNF,19380801 0000,19380831 0000,55470,,AF,,
TLG,M,65,MON FNF,19380901 0000,19380930 0000,19540,,AF,,
TLG,M,65,MON FNF,19381001 0000,19381031 0000,40250,,AF,,
TLG,M,65,MON FNF,19381101 0000,19381130 0000,43490,,AF,,
TLG,M,65,MON FNF,19381201 0000,19381231 0000,36720,,AF,,
TLG,M,65,MON FNF,19390101 0000,19390131 0000,42590,,AF,,
TLG,M,65,MON FNF,19390201 0000,19390228 0000,59920,,AF,,
TLG,M,65,MON FNF,19390301 0000,19390331 0000,144110,,AF,,
TLG,M,65,MON FNF,19390401 0000,19390430 0000,281900,,AF,,
TLG,M,65,MON FNF,19390501 0000,19390531 0000,216040,,AF,,
TLG,M,65,MON FNF,19390601 0000,19390630 0000,74340,,AF,,
TLG,M,65,MON FNF,19390701 0000,19390731 0000,17340,,AF,,
TLG,M,65,MON FNF,19390801 0000,19390831 0000,7480,,AF,,
TLG,M,65,MON FNF,19390901 0000,19390930 0000,16830,,AF,,
TLG,M,65,MON FNF,19391001 0000,19391031 0000,44940,,AF,,
TLG,M,65,MON FNF,19391101 0000,19391130 0000,16620,,AF,,
TLG,M,65,MON FNF,19391201 0000,19391231 0000,20250,,AF,,
TLG,M,65,MON FNF,19400101 0000,19400131 0000,226490,,AF,,
TLG,M,65,MON FNF,19400201 0000,19400229 0000,250000,,AF,,
TLG,M,65,MON FNF,19400301 0000,19400331 0000,344140,,AF,,
TLG,M,65,MON FNF,19400401 0000,19400430 0000,324860,,AF,,
TLG,M,65,MON FNF,19400501 0000,19400531 0000,571100,,AF,,
TLG,M,65,MON FNF,19400601 0000,19400630 0000,347500,,AF,,
TLG,M,65,MON FNF,19400701 0000,19400731 0000,54160,,AF,,
TLG,M,65,MON FNF,19400801 0000,19400831 0000,10760,,AF,,
TLG,M,65,MON FNF,19400901 0000,19400930 0000,2020,,AF,,
TLG,M,65,MON FNF,19401001 0000,19401031 0000,11310,,AF,,
TLG,M,65,MON FNF,19401101 0000,19401130 0000,15010,,AF,,
TLG,M,65,MON FNF,19401201 0000,19401231 0000,129060,,AF,,
TLG,M,65,MON FNF,19410101 0000,19410131 0000,115450,,AF,,
TLG,M,65,MON FNF,19410201 0000,19410228 0000,219000,,AF,,
TLG,M,65,MON FNF,19410301 0000,19410331 0000,260080,,AF,,
TLG,M,65,MON FNF,19410401 0000,19410430 0000,279590,,AF,,
TLG,M,65,MON FNF,19410501 0000,19410531 0000,662680,,AF,,
TLG,M,65,MON FNF,19410601 0000,19410630 0000,534440,,AF,,
TLG,M,65,MON FNF,19410701 0000,19410731 0000,224060,,AF,,
TLG,M,65,MON FNF,19410801 0000,19410831 0000,30490,,AF,,
TLG,M,65,MON FNF,19410901 0000,19410930 0000,8190,,AF,,
TLG,M,65,MON FNF,19411001 0000,19411031 0000,7040,,AF,,
TLG,M,65,MON FNF,19411101 0000,19411130 0000,37560,,AF,,
TLG,M,65,MON FNF,19411201 0000,19411231 0000,161530,,AF,,
TLG,M,65,MON FNF,19420101 0000,19420131 0000,164810,,AF,,
TLG,M,65,MON FNF,19420201 0000,19420228 0000,142430,,AF,,
TLG,M,65,MON FNF,19420301 0000,19420331 0000,148710,,AF,,
TLG,M,65,MON FNF,19420401 0000,19420430 0000,336990,,AF,,
TLG,M,65,MON FNF,19420501 0000,19420531 0000,471990,,AF,,
TLG,M,65,MON FNF,19420601 0000,19420630 0000,597580,,AF,,
TLG,M,65,MON FNF,19420701 0000,19420731 0000,253440,,AF,,
TLG,M,65,MON FNF,19420801 0000,19420831 0000,30160,,AF,,
TLG,M,65,MON FNF,19420901 0000,19420930 0000,3280,,AF,,
TLG,M,65,MON FNF,19421001 0000,19421031 0000,5050,,AF,,
TLG,M,65,MON FNF,19421101 0000,19421130 0000,86410,,AF,,
TLG,M,65,MON FNF,19421201 0000,19421231 0000,92850,,AF,,
TLG,M,65,MON FNF,19430101 0000,19430131 0000,246320,,AF,,
TLG,M,65,MON FNF,19430201 0000,19430228 0000,163760,,AF,,
TLG,M,65,MON FNF,19430301 0000,19430331 0000,371920,,AF,,
TLG,M,65,MON FNF,19430401 0000,19430430 0000,385170,,AF,,
TLG,M,65,MON FNF,19430501 0000,19430531 0000,494530,,AF,,
TLG,M,65,MON FNF,19430601 0000,19430630 0000,352890,,AF,,
TLG,M,65,MON FNF,19430701 0000,19430731 0000,140900,,AF,,
TLG,M,65,MON FNF,19430801 0000,19430831 0000,24800,,AF,,
TLG,M,65,MON FNF,19430901 0000,19430930 0000,5210,,AF,,
TLG,M,65,MON FNF,19431001 0000,19431031 0000,11600,,AF,,
TLG,M,65,MON FNF,19431101 0000,19431130 0000,15630,,AF,,
TLG,M,65,MON FNF,19431201 0000,19431231 0000,20930,,AF,,
TLG,M,65,MON FNF,19440101 0000,19440131 0000,42730,,AF,,
TLG,M,65,MON FNF,19440201 0000,19440229 0000,80410,,AF,,
TLG,M,65,MON FNF,19440301 0000,19440331 0000,135220,,AF,,
TLG,M,65,MON FNF,19440401 0000,19440430 0000,164620,,AF,,
TLG,M,65,MON FNF,19440501 0000,19440531 0000,455800,,AF,,
TLG,M,65,MON FNF,19440601 0000,19440630 0000,267180,,AF,,
TLG,M,65,MON FNF,19440701 0000,19440731 0000,87630,,AF,,
TLG,M,65,MON FNF,19440801 0000,19440831 0000,11200,,AF,,
TLG,M,65,MON FNF,19440901 0000,19440930 0000,2360,,AF,,
TLG,M,65,MON FNF,19441001 0000,19441031 0000,9120,,AF,,
TLG,M,65,MON FNF,19441101 0000,19441130 0000,89050,,AF,,
TLG,M,65,MON FNF,19441201 0000,19441231 0000,81310,,AF,,
TLG,M,65,MON FNF,19450101 0000,19450131 0000,55600,,AF,,
TLG,M,65,MON FNF,19450201 0000,19450228 0000,304840,,AF,,
TLG,M,65,MON FNF,19450301 0000,19450331 0000,164410,,AF,,
TLG,M,65,MON FNF,19450401 0000,19450430 0000,284260,,AF,,
TLG,M,65,MON FNF,19450501 0000,19450531 0000,455070,,AF,,
TLG,M,65,MON FNF,19450601 0000,19450630 0000,462260,,AF,,
TLG,M,65,MON FNF,19450701 0000,19450731 0000,163060,,AF,,
TLG,M,65,MON FNF,19450801 0000,19450831 0000,16760,,AF,,
TLG,M,65,MON FNF,19450901 0000,19450930 0000,0,,AF,,
TLG,M,65,MON FNF,19451001 0000,19451031 0000,60310,,AF,,
TLG,M,65,MON FNF,19451101 0000,19451130 0000,98300,,AF,,
TLG,M,65,MON FNF,19451201 0000,19451231 0000,207740,,AF,,
TLG,M,65,MON FNF,19460101 0000,19460131 0000,118910,,AF,,
TLG,M,65,MON FNF,19460201 0000,19460228 0000,69890,,AF,,
TLG,M,65,MON FNF,19460301 0000,19460331 0000,155800,,AF,,
TLG,M,65,MON FNF,19460401 0000,19460430 0000,347840,,AF,,
TLG,M,65,MON FNF,19460501 0000,19460531 0000,488510,,AF,,
TLG,M,65,MON FNF,19460601 0000,19460630 0000,264550,,AF,,
TLG,M,65,MON FNF,19460701 0000,19460731 0000,56170,,AF,,
TLG,M,65,MON FNF,19460801 0000,19460831 0000,7930,,AF,,
TLG,M,65,MON FNF,19460901 0000,19460930 0000,3360,,AF,,
TLG,M,65,MON FNF,19461001 0000,19461031 0000,16070,,AF,,
TLG,M,65,MON FNF,19461101 0000,19461130 0000,64000,,AF,,
TLG,M,65,MON FNF,19461201 0000,19461231 0000,76720,,AF,,
TLG,M,65,MON FNF,19470101 0000,19470131 0000,41880,,AF,,
TLG,M,65,MON FNF,19470201 0000,19470228 0000,80220,,AF,,
TLG,M,65,MON FNF,19470301 0000,19470331 0000,136060,,AF,,
TLG,M,65,MON FNF,19470401 0000,19470430 0000,192220,,AF,,
TLG,M,65,MON FNF,19470501 0000,19470531 0000,352500,,AF,,
TLG,M,65,MON FNF,19470601 0000,19470630 0000,110750,,AF,,
TLG,M,65,MON FNF,19470701 0000,19470731 0000,20880,,AF,,
TLG,M,65,MON FNF,19470801 0000,19470831 0000,0,,AF,,
TLG,M,65,MON FNF,19470901 0000,19470930 0000,2880,,AF,,
TLG,M,65,MON FNF,19471001 0000,19471031 0000,38200,,AF,,
TLG,M,65,MON FNF,19471101 0000,19471130 0000,28160,,AF,,
TLG,M,65,MON FNF,19471201 0000,19471231 0000,17180,,AF,,
TLG,M,65,MON FNF,19480101 0000,19480131 0000,39700,,AF,,
TLG,M,65,MON FNF,19480201 0000,19480229 0000,25860,,AF,,
TLG,M,65,MON FNF,19480301 0000,19480331 0000,73010,,AF,,
TLG,M,65,MON FNF,19480401 0000,19480430 0000,221050,,AF,,
TLG,M,65,MON FNF,19480501 0000,19480531 0000,436250,,AF,,
TLG,M,65,MON FNF,19480601 0000,19480630 0000,433760,,AF,,
TLG,M,65,MON FNF,19480701 0000,19480731 0000,87730,,AF,,
TLG,M,65,MON FNF,19480801 0000,19480831 0000,5170,,AF,,
TLG,M,65,MON FNF,19480901 0000,19480930 0000,2480,,AF,,
TLG,M,65,MON FNF,19481001 0000,19481031 0000,5150,,AF,,
TLG,M,65,MON FNF,19481101 0000,19481130 0000,8210,,AF,,
TLG,M,65,MON FNF,19481201 0000,19481231 0000,17770,,AF,,
TLG,M,65,MON FNF,19490101 0000,19490131 0000,19900,,AF,,
TLG,M,65,MON FNF,19490201 0000,19490228 0000,39120,,AF,,
TLG,M,65,MON FNF,19490301 0000,19490331 0000,123240,,AF,,
TLG,M,65,MON FNF,19490401 0000,19490430 0000,318250,,AF,,
TLG,M,65,MON FNF,19490501 0000,19490531 0000,436420,,AF,,
TLG,M,65,MON FNF,19490601 0000,19490630 0000,240370,,AF,,
TLG,M,65,MON FNF,19490701 0000,19490731 0000,29470,,AF,,
TLG,M,65,MON FNF,19490801 0000,19490831 0000,4510,,AF,,
TLG,M,65,MON FNF,19490901 0000,19490930 0000,3720,,AF,,
TLG,M,65,MON FNF,19491001 0000,19491031 0000,3920,,AF,,
TLG,M,65,MON FNF,19491101 0000,19491130 0000,14220,,AF,,
TLG,M,65,MON FNF,19491201 0000,19491231 0000,13420,,AF,,
TLG,M,65,MON FNF,19500101 0000,19500131 0000,77460,,AF,,
TLG,M,65,MON FNF,19500201 0000,19500228 0000,124320,,AF,,
TLG,M,65,MON FNF,19500301 0000,19500331 0000,128310,,AF,,
TLG,M,65,MON FNF,19500401 0000,19500430 0000,329130,,AF,,
TLG,M,65,MON FNF,19500501 0000,19500531 0000,467440,,AF,,
TLG,M,65,MON FNF,19500601 0000,19500630 0000,319390,,AF,,
TLG,M,65,MON FNF,19500701 0000,19500731 0000,62240,,AF,,
TLG,M,65,MON FNF,19500801 0000,19500831 0000,6510,,AF,,
TLG,M,65,MON FNF,19500901 0000,19500930 0000,0,,AF,,
TLG,M,65,MON FNF,19501001 0000,19501031 0000,24440,,AF,,
TLG,M,65,MON FNF,19501101 0000,19501130 0000,521560,,AF,,
TLG,M,65,MON FNF,19501201 0000,19501231 0000,508990,,AF,,
TLG,M,65,MON FNF,19510101 0000,19510131 0000,159240,,AF,,
TLG,M,65,MON FNF,19510201 0000,19510228 0000,138910,,AF,,
TLG,M,65,MON FNF,19510301 0000,19510331 0000,168700,,AF,,
TLG,M,65,MON FNF,19510401 0000,19510430 0000,253810,,AF,,
TLG,M,65,MON FNF,19510501 0000,19510531 0000,372860,,AF,,
TLG,M,65,MON FNF,19510601 0000,19510630 0000,256730,,AF,,
TLG,M,65,MON FNF,19510701 0000,19510731 0000,60100,,AF,,
TLG,M,65,MON FNF,19510801 0000,19510831 0000,9570,,AF,,
TLG,M,65,MON FNF,19510901 0000,19510930 0000,270,,AF,,
TLG,M,65,MON FNF,19511001 0000,19511031 0000,9020,,AF,,
TLG,M,65,MON FNF,19511101 0000,19511130 0000,30850,,AF,,
TLG,M,65,MON FNF,19511201 0000,19511231 0000,121410,,AF,,
TLG,M,65,MON FNF,19520101 0000,19520131 0000,218690,,AF,,
TLG,M,65,MON FNF,19520201 0000,19520229 0000,147760,,AF,,
TLG,M,65,MON FNF,19520301 0000,19520331 0000,239840,,AF,,
TLG,M,65,MON FNF,19520401 0000,19520430 0000,466420,,AF,,
TLG,M,65,MON FNF,19520501 0000,19520531 0000,791330,,AF,,
TLG,M,65,MON FNF,19520601 0000,19520630 0000,594180,,AF,,
TLG,M,65,MON FNF,19520701 0000,19520731 0000,291860,,AF,,
TLG,M,65,MON FNF,19520801 0000,19520831 0000,54090,,AF,,
TLG,M,65,MON FNF,19520901 0000,19520930 0000,16910,,AF,,
TLG,M,65,MON FNF,19521001 0000,19521031 0000,8670,,AF,,
TLG,M,65,MON FNF,19521101 0000,19521130 0000,11860,,AF,,
TLG,M,65,MON FNF,19521201 0000,19521231 0000,53060,,AF,,
TLG,M,65,MON FNF,19530101 0000,19530131 0000,145090,,AF,,
TLG,M,65,MON FNF,19530201 0000,19530228 0000,63530,,AF,,
TLG,M,65,MON FNF,19530301 0000,19530331 0000,106650,,AF,,
TLG,M,65,MON FNF,19530401 0000,19530430 0000,269600,,AF,,
TLG,M,65,MON FNF,19530501 0000,19530531 0000,259520,,AF,,
TLG,M,65,MON FNF,19530601 0000,19530630 0000,414410,,AF,,
TLG,M,65,MON FNF,19530701 0000,19530731 0000,169820,,AF,,
TLG,M,65,MON FNF,19530801 0000,19530831 0000,17790,,AF,,
TLG,M,65,MON FNF,19530901 0000,19530930 0000,5400,,AF,,
TLG,M,65,MON FNF,19531001 0000,19531031 0000,7330,,AF,,
TLG,M,65,MON FNF,19531101 0000,19531130 0000,17170,,AF,,
TLG,M,65,MON FNF,19531201 0000,19531231 0000,24200,,AF,,
TLG,M,65,MON FNF,19540101 0000,19540131 0000,41890,,AF,,
TLG,M,65,MON FNF,19540201 0000,19540228 0000,101380,,AF,,
TLG,M,65,MON FNF,19540301 0000,19540331 0000,213200,,AF,,
TLG,M,65,MON FNF,19540401 0000,19540430 0000,349170,,AF,,
TLG,M,65,MON FNF,19540501 0000,19540531 0000,447550,,AF,,
TLG,M,65,MON FNF,19540601 0000,19540630 0000,185140,,AF,,
TLG,M,65,MON FNF,19540701 0000,19540731 0000,37920,,AF,,
TLG,M,65,MON FNF,19540801 0000,19540831 0000,3080,,AF,,
TLG,M,65,MON FNF,19540901 0000,19540930 0000,1150,,AF,,
TLG,M,65,MON FNF,19541001 0000,19541031 0000,4060,,AF,,
TLG,M,65,MON FNF,19541101 0000,19541130 0000,15380,,AF,,
TLG,M,65,MON FNF,19541201 0000,19541231 0000,49990,,AF,,
TLG,M,65,MON FNF,19550101 0000,19550131 0000,66700,,AF,,
TLG,M,65,MON FNF,19550201 0000,19550228 0000,61170,,AF,,
TLG,M,65,MON FNF,19550301 0000,19550331 0000,82400,,AF,,
TLG,M,65,MON FNF,19550401 0000,19550430 0000,143950,,AF,,
TLG,M,65,MON FNF,19550501 0000,19550531 0000,366450,,AF,,
TLG,M,65,MON FNF,19550601 0000,19550630 0000,292180,,AF,,
TLG,M,65,MON FNF,19550701 0000,19550731 0000,39300,,AF,,
TLG,M,65,MON FNF,19550801 0000,19550831 0000,920,,AF,,
TLG,M,65,MON FNF,19550901 0000,19550930 0000,1200,,AF,,
TLG,M,65,MON FNF,19551001 0000,19551031 0000,3970,,AF,,
TLG,M,65,MON FNF,19551101 0000,19551130 0000,12960,,AF,,
TLG,M,65,MON FNF,19551201 0000,19551231 0000,649620,,AF,,
TLG,M,65,MON FNF,19560101 0000,19560131 0000,431300,,AF,,
TLG,M,65,MON FNF,19560201 0000,19560229 0000,156100,,AF,,
TLG,M,65,MON FNF,19560301 0000,19560331 0000,178530,,AF,,
TLG,M,65,MON FNF,19560401 0000,19560430 0000,281790,,AF,,
TLG,M,65,MON FNF,19560501 0000,19560531 0000,559660,,AF,,
TLG,M,65,MON FNF,19560601 0000,19560630 0000,581820,,AF,,
TLG,M,65,MON FNF,19560701 0000,19560731 0000,244240,,AF,,
TLG,M,65,MON FNF,19560801 0000,19560831 0000,40680,,AF,,
TLG,M,65,MON FNF,19560901 0000,19560930 0000,12170,,AF,,
TLG,M,65,MON FNF,19561001 0000,19561031 0000,21370,,AF,,
TLG,M,65,MON FNF,19561101 0000,19561130 0000,24260,,AF,,
TLG,M,65,MON FNF,19561201 0000,19561231 0000,24200,,AF,,
TLG,M,65,MON FNF,19570101 0000,19570131 0000,35040,,AF,,
TLG,M,65,MON FNF,19570201 0000,19570228 0000,123750,,AF,,
TLG,M,65,MON FNF,19570301 0000,19570331 0000,153540,,AF,,
TLG,M,65,MON FNF,19570401 0000,19570430 0000,172500,,AF,,
TLG,M,65,MON FNF,19570501 0000,19570531 0000,379990,,AF,,
TLG,M,65,MON FNF,19570601 0000,19570630 0000,404980,,AF,,
TLG,M,65,MON FNF,19570701 0000,19570731 0000,67160,,AF,,
TLG,M,65,MON FNF,19570801 0000,19570831 0000,8740,,AF,,
TLG,M,65,MON FNF,19570901 0000,19570930 0000,2040,,AF,,
TLG,M,65,MON FNF,19571001 0000,19571031 0000,11300,,AF,,
TLG,M,65,MON FNF,19571101 0000,19571130 0000,18390,,AF,,
TLG,M,65,MON FNF,19571201 0000,19571231 0000,48030,,AF,,
TLG,M,65,MON FNF,19580101 0000,19580131 0000,58120,,AF,,
TLG,M,65,MON FNF,19580201 0000,19580228 0000,176740,,AF,,
TLG,M,65,MON FNF,19580301 0000,19580331 0000,256770,,AF,,
TLG,M,65,MON FNF,19580401 0000,19580430 0000,425000,,AF,,
TLG,M,65,MON FNF,19580501 0000,19580531 0000,761400,,AF,,
TLG,M,65,MON FNF,19580601 0000,19580630 0000,579220,,AF,,
TLG,M,65,MON FNF,19580701 0000,19580731 0000,231900,,AF,,
TLG,M,65,MON FNF,19580801 0000,19580831 0000,54870,,AF,,
TLG,M,65,MON FNF,19580901 0000,19580930 0000,16630,,AF,,
TLG,M,65,MON FNF,19581001 0000,19581031 0000,5890,,AF,,
TLG,M,65,MON FNF,19581101 0000,19581130 0000,5830,,AF,,
TLG,M,65,MON FNF,19581201 0000,19581231 0000,5230,,AF,,
TLG,M,65,MON FNF,19590101 0000,19590131 0000,78640,,AF,,
TLG,M,65,MON FNF,19590201 0000,19590228 0000,116210,,AF,,
TLG,M,65,MON FNF,19590301 0000,19590331 0000,119020,,AF,,
TLG,M,65,MON FNF,19590401 0000,19590430 0000,224040,,AF,,
TLG,M,65,MON FNF,19590501 0000,19590531 0000,231480,,AF,,
TLG,M,65,MON FNF,19590601 0000,19590630 0000,138830,,AF,,
TLG,M,65,MON FNF,19590701 0000,19590731 0000,18220,,AF,,
TLG,M,65,MON FNF,19590801 0000,19590831 0000,1500,,AF,,
TLG,M,65,MON FNF,19590901 0000,19590930 0000,44720,,AF,,
TLG,M,65,MON FNF,19591001 0000,19591031 0000,5320,,AF,,
TLG,M,65,MON FNF,19591101 0000,19591130 0000,9530,,AF,,
TLG,M,65,MON FNF,19591201 0000,19591231 0000,12300,,AF,,
TLG,M,65,MON FNF,19600101 0000,19600131 0000,25200,,AF,,
TLG,M,65,MON FNF,19600201 0000,19600229 0000,119380,,AF,,
TLG,M,65,MON FNF,19600301 0000,19600331 0000,149500,,AF,,
TLG,M,65,MON FNF,19600401 0000,19600430 0000,238390,,AF,,
TLG,M,65,MON FNF,19600501 0000,19600531 0000,303410,,AF,,
TLG,M,65,MON FNF,19600601 0000,19600630 0000,162350,,AF,,
TLG,M,65,MON FNF,19600701 0000,19600731 0000,16060,,AF,,
TLG,M,65,MON FNF,19600801 0000,19600831 0000,5800,,AF,,
TLG,M,65,MON FNF,19600901 0000,19600930 0000,5140,,AF,,
TLG,M,65,MON FNF,19601001 0000,19601031 0000,5390,,AF,,
TLG,M,65,MON FNF,19601101 0000,19601130 0000,15660,,AF,,
TLG,M,65,MON FNF,19601201 0000,19601231 0000,32690,,AF,,
TLG,M,65,MON FNF,19610101 0000,19610131 0000,18660,,AF,,
TLG,M,65,MON FNF,19610201 0000,19610228 0000,46550,,AF,,
TLG,M,65,MON FNF,19610301 0000,19610331 0000,71390,,AF,,
TLG,M,65,MON FNF,19610401 0000,19610430 0000,164820,,AF,,
TLG,M,65,MON FNF,19610501 0000,19610531 0000,219810,,AF,,
TLG,M,65,MON FNF,19610601 0000,19610630 0000,122310,,AF,,
TLG,M,65,MON FNF,19610701 0000,19610731 0000,18760,,AF,,
TLG,M,65,MON FNF,19610801 0000,19610831 0000,12510,,AF,,
TLG,M,65,MON FNF,19610901 0000,19610930 0000,3840,,AF,,
TLG,M,65,MON FNF,19611001 0000,19611031 0000,5000,,AF,,
TLG,M,65,MON FNF,19611101 0000,19611130 0000,8030,,AF,,
TLG,M,65,MON FNF,19611201 0000,19611231 0000,23690,,AF,,
TLG,M,65,MON FNF,19620101 0000,19620131 0000,23870,,AF,,
TLG,M,65,MON FNF,19620201 0000,19620228 0000,233310,,AF,,
TLG,M,65,MON FNF,19620301 0000,19620331 0000,139020,,AF,,
TLG,M,65,MON FNF,19620401 0000,19620430 0000,389030,,AF,,
TLG,M,65,MON FNF,19620501 0000,19620531 0000,362480,,AF,,
TLG,M,65,MON FNF,19620601 0000,19620630 0000,445580,,AF,,
TLG,M,65,MON FNF,19620701 0000,19620731 0000,116890,,AF,,
TLG,M,65,MON FNF,19620801 0000,19620831 0000,14060,,AF,,
TLG,M,65,MON FNF,19620901 0000,19620930 0000,4990,,AF,,
TLG,M,65,MON FNF,19621001 0000,19621031 0000,17280,,AF,,
TLG,M,65,MON FNF,19621101 0000,19621130 0000,8750,,AF,,
TLG,M,65,MON FNF,19621201 0000,19621231 0000,29450,,AF,,
TLG,M,65,MON FNF,19630101 0000,19630131 0000,93090,,AF,,
TLG,M,65,MON FNF,19630201 0000,19630228 0000,308730,,AF,,
TLG,M,65,MON FNF,19630301 0000,19630331 0000,112200,,AF,,
TLG,M,65,MON FNF,19630401 0000,19630430 0000,247530,,AF,,
TLG,M,65,MON FNF,19630501 0000,19630531 0000,533660,,AF,,
TLG,M,65,MON FNF,19630601 0000,19630630 0000,463440,,AF,,
TLG,M,65,MON FNF,19630701 0000,19630731 0000,179130,,AF,,
TLG,M,65,MON FNF,19630801 0000,19630831 0000,31870,,AF,,
TLG,M,65,MON FNF,19630901 0000,19630930 0000,16030,,AF,,
TLG,M,65,MON FNF,19631001 0000,19631031 0000,17680,,AF,,
TLG,M,65,MON FNF,19631101 0000,19631130 0000,104940,,AF,,
TLG,M,65,MON FNF,19631201 0000,19631231 0000,48020,,AF,,
TLG,M,65,MON FNF,19640101 0000,19640131 0000,53550,,AF,,
TLG,M,65,MON FNF,19640201 0000,19640229 0000,51800,,AF,,
TLG,M,65,MON FNF,19640301 0000,19640331 0000,75270,,AF,,
TLG,M,65,MON FNF,19640401 0000,19640430 0000,169190,,AF,,
TLG,M,65,MON FNF,19640501 0000,19640531 0000,323070,,AF,,
TLG,M,65,MON FNF,19640601 0000,19640630 0000,225030,,AF,,
TLG,M,65,MON FNF,19640701 0000,19640731 0000,41220,,AF,,
TLG,M,65,MON FNF,19640801 0000,19640831 0000,12350,,AF,,
TLG,M,65,MON FNF,19640901 0000,19640930 0000,8160,,AF,,
TLG,M,65,MON FNF,19641001 0000,19641031 0000,8850,,AF,,
TLG,M,65,MON FNF,19641101 0000,19641130 0000,52250,,AF,,
TLG,M,65,MON FNF,19641201 0000,19641231 0000,517140,,AF,,
TLG,M,65,MON FNF,19650101 0000,19650131 0000,288700,,AF,,
TLG,M,65,MON FNF,19650201 0000,19650228 0000,141060,,AF,,
TLG,M,65,MON FNF,19650301 0000,19650331 0000,140880,,AF,,
TLG,M,65,MON FNF,19650401 0000,19650430 0000,326030,,AF,,
TLG,M,65,MON FNF,19650501 0000,19650531 0000,448980,,AF,,
TLG,M,65,MON FNF,19650601 0000,19650630 0000,476530,,AF,,
TLG,M,65,MON FNF,19650701 0000,19650731 0000,227610,,AF,,
TLG,M,65,MON FNF,19650801 0000,19650831 0000,87410,,AF,,
TLG,M,65,MON FNF,19650901 0000,19650930 0000,22930,,AF,,
TLG,M,65,MON FNF,19651001 0000,19651031 0000,7440,,AF,,
TLG,M,65,MON FNF,19651101 0000,19651130 0000,129570,,AF,,
TLG,M,65,MON FNF,19651201 0000,19651231 0000,88850,,AF,,
TLG,M,65,MON FNF,19660101 0000,19660131 0000,77750,,AF,,
TLG,M,65,MON FNF,19660201 0000,19660228 0000,74930,,AF,,
TLG,M,65,MON FNF,19660301 0000,19660331 0000,146420,,AF,,
TLG,M,65,MON FNF,19660401 0000,19660430 0000,298540,,AF,,
TLG,M,65,MON FNF,19660501 0000,19660531 0000,354860,,AF,,
TLG,M,65,MON FNF,19660601 0000,19660630 0000,86350,,AF,,
TLG,M,65,MON FNF,19660701 0000,19660731 0000,22320,,AF,,
TLG,M,65,MON FNF,19660801 0000,19660831 0000,9310,,AF,,
TLG,M,65,MON FNF,19660901 0000,19660930 0000,9760,,AF,,
TLG,M,65,MON FNF,19661001 0000,19661031 0000,7080,,AF,,
TLG,M,65,MON FNF,19661101 0000,19661130 0000,67330,,AF,,
TLG,M,65,MON FNF,19661201 0000,19661231 0000,221600,,AF,,
TLG,M,65,MON FNF,19670101 0000,19670131 0000,134970,,AF,,
TLG,M,65,MON FNF,19670201 0000,19670228 0000,115040,,AF,,
TLG,M,65,MON FNF,19670301 0000,19670331 0000,306310,,AF,,
TLG,M,65,MON FNF,19670401 0000,19670430 0000,289540,,AF,,
TLG,M,65,MON FNF,19670501 0000,19670531 0000,648920,,AF,,
TLG,M,65,MON FNF,19670601 0000,19670630 0000,743530,,AF,,
TLG,M,65,MON FNF,19670701 0000,19670731 0000,472500,,AF,,
TLG,M,65,MON FNF,19670801 0000,19670831 0000,77530,,AF,,
TLG,M,65,MON FNF,19670901 0000,19670930 0000,20260,,AF,,
TLG,M,65,MON FNF,19671001 0000,19671031 0000,9940,,AF,,
TLG,M,65,MON FNF,19671101 0000,19671130 0000,11140,,AF,,
TLG,M,65,MON FNF,19671201 0000,19671231 0000,31620,,AF,,
TLG,M,65,MON FNF,19680101 0000,19680131 0000,47230,,AF,,
TLG,M,65,MON FNF,19680201 0000,19680229 0000,134490,,AF,,
TLG,M,65,MON FNF,19680301 0000,19680331 0000,122790,,AF,,
TLG,M,65,MON FNF,19680401 0000,19680430 0000,187490,,AF,,
TLG,M,65,MON FNF,19680501 0000,19680531 0000,287670,,AF,,
TLG,M,65,MON FNF,19680601 0000,19680630 0000,141010,,AF,,
TLG,M,65,MON FNF,19680701 0000,19680731 0000,18660,,AF,,
TLG,M,65,MON FNF,19680801 0000,19680831 0000,10030,,AF,,
TLG,M,65,MON FNF,19680901 0000,19680930 0000,4560,,AF,,
TLG,M,65,MON FNF,19681001 0000,19681031 0000,12660,,AF,,
TLG,M,65,MON FNF,19681101 0000,19681130 0000,80850,,AF,,
TLG,M,65,MON FNF,19681201 0000,19681231 0000,81260,,AF,,
TLG,M,65,MON FNF,19690101 0000,19690131 0000,577550,,AF,,
TLG,M,65,MON FNF,19690201 0000,19690228 0000,286000,,AF,,
TLG,M,65,MON FNF,19690301 0000,19690331 0000,263460,,AF,,
TLG,M,65,MON FNF,19690401 0000,19690430 0000,489690,,AF,,
TLG,M,65,MON FNF,19690501 0000,19690531 0000,960270,,AF,,
TLG,M,65,MON FNF,19690601 0000,19690630 0000,716380,,AF,,
TLG,M,65,MON FNF,19690701 0000,19690731 0000,316150,,AF,,
TLG,M,65,MON FNF,19690801 0000,19690831 0000,54810,,AF,,
TLG,M,65,MON FNF,19690901 0000,19690930 0000,13180,,AF,,
TLG,M,65,MON FNF,19691001 0000,19691031 0000,38510,,AF,,
TLG,M,65,MON FNF,19691101 0000,19691130 0000,39310,,AF,,
TLG,M,65,MON FNF,19691201 0000,19691231 0000,112290,,AF,,
TLG,M,65,MON FNF,19700101 0000,19700131 0000,408401,,AF,,
TLG,M,65,MON FNF,19700201 0000,19700228 0000,134261,,AF,,
TLG,M,65,MON FNF,19700301 0000,19700331 0000,191575,,AF,,
TLG,M,65,MON FNF,19700401 0000,19700430 0000,161494,,AF,,
TLG,M,65,MON FNF,19700501 0000,19700529 0000,410581,,AF,,
TLG,M,65,MON FNF,19700601 0000,19700628 0000,336311,,AF,,
TLG,M,65,MON FNF,19700701 0000,19700729 0000,95259,,AF,,
TLG,M,65,MON FNF,19700801 0000,19700829 0000,22778,,AF,,
TLG,M,65,MON FNF,19700901 0000,19700928 0000,11611,,AF,,
TLG,M,65,MON FNF,19701001 0000,19701029 0000,10708,,AF,,
TLG,M,65,MON FNF,19701101 0000,19701128 0000,86508,,AF,,
TLG,M,65,MON FNF,19701201 0000,19701229 0000,123263,,AF,,
TLG,M,65,MON FNF,19710101 0000,19710131 0000,120518,,AF,,
TLG,M,65,MON FNF,19710201 0000,19710228 0000,94171,,AF,,
TLG,M,65,MON FNF,19710301 0000,19710331 0000,146321,,AF,,
TLG,M,65,MON FNF,19710401 0000,19710430 0000,194344,,AF,,
TLG,M,65,MON FNF,19710501 0000,19710529 0000,348928,,AF,,
TLG,M,65,MON FNF,19710601 0000,19710628 0000,418237,,AF,,
TLG,M,65,MON FNF,19710701 0000,19710729 0000,110670,,AF,,
TLG,M,65,MON FNF,19710801 0000,19710829 0000,19622,,AF,,
TLG,M,65,MON FNF,19710901 0000,19710928 0000,9844,,AF,,
TLG,M,65,MON FNF,19711001 0000,19711029 0000,6181,,AF,,
TLG,M,65,MON FNF,19711101 0000,19711128 0000,34871,,AF,,
TLG,M,65,MON FNF,19711201 0000,19711229 0000,76542,,AF,,
TLG,M,65,MON FNF,19720101 0000,19720131 0000,59357,,AF,,
TLG,M,65,MON FNF,19720201 0000,19720229 0000,78033,,AF,,
TLG,M,65,MON FNF,19720301 0000,19720331 0000,181513,,AF,,
TLG,M,65,MON FNF,19720401 0000,19720430 0000,155728,,AF,,
TLG,M,65,MON FNF,19720501 0000,19720529 0000,344130,,AF,,
TLG,M,65,MON FNF,19720601 0000,19720628 0000,219544,,AF,,
TLG,M,65,MON FNF,19720701 0000,19720729 0000,28337,,AF,,
TLG,M,65,MON FNF,19720801 0000,19720829 0000,11399,,AF,,
TLG,M,65,MON FNF,19720901 0000,19720928 0000,10977,,AF,,
TLG,M,65,MON FNF,19721001 0000,19721029 0000,11383,,AF,,
TLG,M,65,MON FNF,19721101 0000,19721128 0000,36095,,AF,,
TLG,M,65,MON FNF,19721201 0000,19721229 0000,86247,,AF,,
TLG,M,65,MON FNF,19730101 0000,19730131 0000,139557,,AF,,
TLG,M,65,MON FNF,19730201 0000,19730228 0000,186063,,AF,,
TLG,M,65,MON FNF,19730301 0000,19730331 0000,173431,,AF,,
TLG,M,65,MON FNF,19730401 0000,19730430 0000,259406,,AF,,
TLG,M,65,MON FNF,19730501 0000,19730529 0000,655184,,AF,,
TLG,M,65,MON FNF,19730601 0000,19730628 0000,400351,,AF,,
TLG,M,65,MON FNF,19730701 0000,19730729 0000,57348,,AF,,
TLG,M,65,MON FNF,19730801 0000,19730829 0000,19710,,AF,,
TLG,M,65,MON FNF,19730901 0000,19730928 0000,5921,,AF,,
TLG,M,65,MON FNF,19731001 0000,19731029 0000,17349,,AF,,
TLG,M,65,MON FNF,19731101 0000,19731128 0000,171392,,AF,,
TLG,M,65,MON FNF,19731201 0000,19731229 0000,136459,,AF,,
TLG,M,65,MON FNF,19740101 0000,19740131 0000,179857,,AF,,
TLG,M,65,MON FNF,19740201 0000,19740228 0000,68703,,AF,,
TLG,M,65,MON FNF,19740301 0000,19740331 0000,228524,,AF,,
TLG,M,65,MON FNF,19740401 0000,19740430 0000,273856,,AF,,
TLG,M,65,MON FNF,19740501 0000,19740529 0000,560604,,AF,,
TLG,M,65,MON FNF,19740601 0000,19740628 0000,441592,,AF,,
TLG,M,65,MON FNF,19740701 0000,19740729 0000,122525,,AF,,
TLG,M,65,MON FNF,19740801 0000,19740829 0000,28530,,AF,,
TLG,M,65,MON FNF,19740901 0000,19740928 0000,9509,,AF,,
TLG,M,65,MON FNF,19741001 0000,19741029 0000,14696,,AF,,
TLG,M,65,MON FNF,19741101 0000,19741128 0000,12097,,AF,,
TLG,M,65,MON FNF,19741201 0000,19741229 0000,35351,,AF,,
TLG,M,65,MON FNF,19750101 0000,19750131 0000,53853,,AF,,
TLG,M,65,MON FNF,19750201 0000,19750228 0000,144319,,AF,,
TLG,M,65,MON FNF,19750301 0000,19750331 0000,224186,,AF,,
TLG,M,65,MON FNF,19750401 0000,19750430 0000,176275,,AF,,
TLG,M,65,MON FNF,19750501 0000,19750529 0000,582040,,AF,,
TLG,M,65,MON FNF,19750601 0000,19750628 0000,596315,,AF,,
TLG,M,65,MON FNF,19750701 0000,19750729 0000,151335,,AF,,
TLG,M,65,MON FNF,19750801 0000,19750829 0000,27588,,AF,,
TLG,M,65,MON FNF,19750901 0000,19750928 0000,14616,,AF,,
TLG,M,65,MON FNF,19751001 0000,19751029 0000,70108,,AF,,
TLG,M,65,MON FNF,19751101 0000,19751128 0000,55730,,AF,,
TLG,M,65,MON FNF,19751201 0000,19751229 0000,31628,,AF,,
TLG,M,65,MON FNF,19760101 0000,19760131 0000,7882,,AF,,
TLG,M,65,MON FNF,19760201 0000,19760229 0000,37803,,AF,,
TLG,M,65,MON FNF,19760301 0000,19760331 0000,70677,,AF,,
TLG,M,65,MON FNF,19760401 0000,19760430 0000,99529,,AF,,
TLG,M,65,MON FNF,19760501 0000,19760531 0000,208988,,AF,,
TLG,M,65,MON FNF,19760601 0000,19760630 0000,39626,,AF,,
TLG,M,65,MON FNF,19760701 0000,19760731 0000,14404,,AF,,
TLG,M,65,MON FNF,19760801 0000,19760831 0000,20664,,AF,,
TLG,M,65,MON FNF,19760901 0000,19760928 0000,13559,,AF,,
TLG,M,65,MON FNF,19761001 0000,19761031 0000,12105,,AF,,
TLG,M,65,MON FNF,19761101 0000,19761130 0000,8503,,AF,,
TLG,M,65,MON FNF,19761201 0000,19761231 0000,3370,,AF,,
TLG,M,65,MON FNF,19770101 0000,19770131 0000,10740,,AF,,
TLG,M,65,MON FNF,19770201 0000,19770228 0000,17451,,AF,,
TLG,M,65,MON FNF,19770301 0000,19770331 0000,23278,,AF,,
TLG,M,65,MON FNF,19770401 0000,19770430 0000,78883,,AF,,
TLG,M,65,MON FNF,19770501 0000,19770531 0000,105985,,AF,,
TLG,M,65,MON FNF,19770601 0000,19770630 0000,104636,,AF,,
TLG,M,65,MON FNF,19770701 0000,19770731 0000,11516,,AF,,
TLG,M,65,MON FNF,19770801 0000,19770831 0000,3217,,AF,,
TLG,M,65,MON FNF,19770901 0000,19770930 0000,2977,,AF,,
TLG,M,65,MON FNF,19771001 0000,19771031 0000,1632,,AF,,
TLG,M,65,MON FNF,19771101 0000,19771130 0000,11685,,AF,,
TLG,M,65,MON FNF,19771201 0000,19771231 0000,96248,,AF,,
TLG,M,65,MON FNF,19780101 0000,19780131 0000,189911,,AF,,
TLG,M,65,MON FNF,19780201 0000,19780228 0000,195757,,AF,,
TLG,M,65,MON FNF,19780301 0000,19780331 0000,331027,,AF,,
TLG,M,65,MON FNF,19780401 0000,19780430 0000,353550,,AF,,
TLG,M,65,MON FNF,19780501 0000,19780531 0000,601599,,AF,,
TLG,M,65,MON FNF,19780601 0000,19780630 0000,663082,,AF,,
TLG,M,65,MON FNF,19780701 0000,19780731 0000,315794,,AF,,
TLG,M,65,MON FNF,19780801 0000,19780831 0000,60559,,AF,,
TLG,M,65,MON FNF,19780901 0000,19780930 0000,82155,,AF,,
TLG,M,65,MON FNF,19781001 0000,19781031 0000,12325,,AF,,
TLG,M,65,MON FNF,19781101 0000,19781130 0000,29496,,AF,,
TLG,M,65,MON FNF,19781201 0000,19781231 0000,33086,,AF,,
TLG,M,65,MON FNF,19790101 0000,19790131 0000,153677,,AF,,
TLG,M,65,MON FNF,19790201 0000,19790228 0000,151480,,AF,,
TLG,M,65,MON FNF,19790301 0000,19790331 0000,238925,,AF,,
TLG,M,65,MON FNF,19790401 0000,19790430 0000,260239,,AF,,
TLG,M,65,MON FNF,19790501 0000,19790531 0000,626235,,AF,,
TLG,M,65,MON FNF,19790601 0000,19790630 0000,314832,,AF,,
TLG,M,65,MON FNF,19790701 0000,19790731 0000,66625,,AF,,
TLG,M,65,MON FNF,19790801 0000,19790831 0000,17080,,AF,,
TLG,M,65,MON FNF,19790901 0000,19790930 0000,9644,,AF,,
TLG,M,65,MON FNF,19791001 0000,19791031 0000,29209,,AF,,
TLG,M,65,MON FNF,19791101 0000,19791130 0000,42254,,AF,,
TLG,M,65,MON FNF,19791201 0000,19791231 0000,49367,,AF,,
TLG,M,65,MON FNF,19800101 0000,19800131 0000,532139,,AF,,
TLG,M,65,MON FNF,19800201 0000,19800229 0000,394146,,AF,,
TLG,M,65,MON FNF,19800301 0000,19800331 0000,221193,,AF,,
TLG,M,65,MON FNF,19800401 0000,19800430 0000,312976,,AF,,
TLG,M,65,MON FNF,19800501 0000,19800531 0000,497417,,AF,,
TLG,M,65,MON FNF,19800601 0000,19800630 0000,538735,,AF,,
TLG,M,65,MON FNF,19800701 0000,19800731 0000,346614,,AF,,
TLG,M,65,MON FNF,19800801 0000,19800831 0000,58826,,AF,,
TLG,M,65,MON FNF,19800901 0000,19800930 0000,22257,,AF,,
TLG,M,65,MON FNF,19801001 0000,19801031 0000,11252,,AF,,
TLG,M,65,MON FNF,19801101 0000,19801130 0000,8336,,AF,,
TLG,M,65,MON FNF,19801201 0000,19801231 0000,25775,,AF,,
TLG,M,65,MON FNF,19810101 0000,19810131 0000,48161,,AF,,
TLG,M,65,MON FNF,19810201 0000,19810228 0000,63489,,AF,,
TLG,M,65,MON FNF,19810301 0000,19810331 0000,125911,,AF,,
TLG,M,65,MON FNF,19810401 0000,19810430 0000,243170,,AF,,
TLG,M,65,MON FNF,19810501 0000,19810531 0000,328483,,AF,,
TLG,M,65,MON FNF,19810601 0000,19810630 0000,151210,,AF,,
TLG,M,65,MON FNF,19810701 0000,19810731 0000,21814,,AF,,
TLG,M,65,MON FNF,19810801 0000,19810831 0000,19142,,AF,,
TLG,M,65,MON FNF,19810901 0000,19810930 0000,8773,,AF,,
TLG,M,65,MON FNF,19811001 0000,19811031 0000,29096,,AF,,
TLG,M,65,MON FNF,19811101 0000,19811130 0000,173742,,AF,,
TLG,M,65,MON FNF,19811201 0000,19811231 0000,220245,,AF,,
TLG,M,65,MON FNF,19820101 0000,19820131 0000,227881,,AF,,
TLG,M,65,MON FNF,19820201 0000,19820228 0000,388399,,AF,,
TLG,M,65,MON FNF,19820301 0000,19820331 0000,339749,,AF,,
TLG,M,65,MON FNF,19820401 0000,19820430 0000,660325,,AF,,
TLG,M,65,MON FNF,19820501 0000,19820531 0000,693110,,AF,,
TLG,M,65,MON FNF,19820601 0000,19820630 0000,566805,,AF,,
TLG,M,65,MON FNF,19820701 0000,19820731 0000,322582,,AF,,
TLG,M,65,MON FNF,19820801 0000,19820831 0000,79983,,AF,,
TLG,M,65,MON FNF,19820901 0000,19820930 0000,103860,,AF,,
TLG,M,65,MON FNF,19821001 0000,19821031 0000,152862,,AF,,
TLG,M,65,MON FNF,19821101 0000,19821130 0000,176231,,AF,,
TLG,M,65,MON FNF,19821201 0000,19821231 0000,244606,,AF,,
TLG,M,65,MON FNF,19830101 0000,19830131 0000,261243,,AF,,
TLG,M,65,MON FNF,19830201 0000,19830228 0000,327834,,AF,,
TLG,M,65,MON FNF,19830301 0000,19830331 0000,560146,,AF,,
TLG,M,65,MON FNF,19830401 0000,19830430 0000,303525,,AF,,
TLG,M,65,MON FNF,19830501 0000,19830531 0000,695933,,AF,,
TLG,M,65,MON FNF,19830601 0000,19830630 0000,1016194,,AF,,
TLG,M,65,MON FNF,19830701 0000,19830731 0000,629625,,AF,,
TLG,M,65,MON FNF,19830801 0000,19830831 0000,205170,,AF,,
TLG,M,65,MON FNF,19830901 0000,19830930 0000,58030,,AF,,
TLG,M,65,MON FNF,19831001 0000,19831031 0000,43833,,AF,,
TLG,M,65,MON FNF,19831101 0000,19831130 0000,310276,,AF,,
TLG,M,65,MON FNF,19831201 0000,19831231 0000,402190,,AF,,
TLG,M,65,MON FNF,19840101 0000,19840131 0000,175424,,AF,,
TLG,M,65,MON FNF,19840201 0000,19840229 0000,150674,,AF,,
TLG,M,65,MON FNF,19840301 0000,19840331 0000,199589,,AF,,
TLG,M,65,MON FNF,19840401 0000,19840430 0000,202815,,AF,,
TLG,M,65,MON FNF,19840501 0000,19840531 0000,535744,,AF,,
TLG,M,65,MON FNF,19840601 0000,19840630 0000,329550,,AF,,
TLG,M,65,MON FNF,19840701 0000,19840731 0000,92967,,AF,,
TLG,M,65,MON FNF,19840801 0000,19840831 0000,21172,,AF,,
TLG,M,65,MON FNF,19840901 0000,19840930 0000,6534,,AF,,
TLG,M,65,MON FNF,19841001 0000,19841031 0000,26106,,AF,,
TLG,M,65,MON FNF,19841101 0000,19841130 0000,85226,,AF,,
TLG,M,65,MON FNF,19841201 0000,19841231 0000,48236,,AF,,
TLG,M,65,MON FNF,19850101 0000,19850131 0000,40637,,AF,,
TLG,M,65,MON FNF,19850201 0000,19850228 0000,68682,,AF,,
TLG,M,65,MON FNF,19850301 0000,19850331 0000,125917,,AF,,
TLG,M,65,MON FNF,19850401 0000,19850430 0000,301904,,AF,,
TLG,M,65,MON FNF,19850501 0000,19850531 0000,341349,,AF,,
TLG,M,65,MON FNF,19850601 0000,19850630 0000,134904,,AF,,
TLG,M,65,MON FNF,19850701 0000,19850731 0000,22584,,AF,,
TLG,M,65,MON FNF,19850801 0000,19850831 0000,15241,,AF,,
TLG,M,65,MON FNF,19850901 0000,19850930 0000,17827,,AF,,
TLG,M,65,MON FNF,19851001 0000,19851031 0000,30726,,AF,,
TLG,M,65,MON FNF,19851101 0000,19851130 0000,49202,,AF,,
TLG,M,65,MON FNF,19851201 0000,19851231 0000,94118,,AF,,
TLG,M,65,MON FNF,19860101 0000,19860131 0000,129323,,AF,,
TLG,M,65,MON FNF,19860201 0000,19860228 0000,616493,,AF,,
TLG,M,65,MON FNF,19860301 0000,19860331 0000,492540,,AF,,
TLG,M,65,MON FNF,19860401 0000,19860430 0000,319713,,AF,,
TLG,M,65,MON FNF,19860501 0000,19860531 0000,540315,,AF,,
TLG,M,65,MON FNF,19860601 0000,19860630 0000,506647,,AF,,
TLG,M,65,MON FNF,19860701 0000,19860731 0000,144170,,AF,,
TLG,M,65,MON FNF,19860801 0000,19860831 0000,30006,,AF,,
TLG,M,65,MON FNF,19860901 0000,19860930 0000,17643,,AF,,
TLG,M,65,MON FNF,19861001 0000,19861031 0000,18326,,AF,,
TLG,M,65,MON FNF,19861101 0000,19861130 0000,8274,,AF,,
TLG,M,65,MON FNF,19861201 0000,19861231 0000,13130,,AF,,
TLG,M,65,MON FNF,19870101 0000,19870131 0000,6352,,AF,,
TLG,M,65,MON FNF,19870201 0000,19870228 0000,37076,,AF,,
TLG,M,65,MON FNF,19870301 0000,19870331 0000,88982,,AF,,
TLG,M,65,MON FNF,19870401 0000,19870430 0000,194340,,AF,,
TLG,M,65,MON FNF,19870501 0000,19870531 0000,203457,,AF,,
TLG,M,65,MON FNF,19870601 0000,19870630 0000,64654,,AF,,
TLG,M,65,MON FNF,19870701 0000,19870729 0000,10193,,AF,,
TLG,M,65,MON FNF,19870801 0000,19870829 0000,8082,,AF,,
TLG,M,65,MON FNF,19870901 0000,19870928 0000,2725,,AF,,
TLG,M,65,MON FNF,19871001 0000,19871029 0000,10666,,AF,,
TLG,M,65,MON FNF,19871101 0000,19871128 0000,26144,,AF,,
TLG,M,65,MON FNF,19871201 0000,19871229 0000,50314,,AF,,
TLG,M,65,MON FNF,19880101 0000,19880131 0000,70422,,AF,,
TLG,M,65,MON FNF,19880201 0000,19880229 0000,57053,,AF,,
TLG,M,65,MON FNF,19880301 0000,19880331 0000,104925,,AF,,
TLG,M,65,MON FNF,19880401 0000,19880430 0000,159417,,AF,,
TLG,M,65,MON FNF,19880501 0000,19880529 0000,212874,,AF,,
TLG,M,65,MON FNF,19880601 0000,19880628 0000,98221,,AF,,
TLG,M,65,MON FNF,19880701 0000,19880729 0000,23503,,AF,,
TLG,M,65,MON FNF,19880801 0000,19880829 0000,6396,,AF,,
TLG,M,65,MON FNF,19880901 0000,19880928 0000,915,,AF,,
TLG,M,65,MON FNF,19881001 0000,19881029 0000,3554,,AF,,
TLG,M,65,MON FNF,19881101 0000,19881130 0000,21228,,AF,,
TLG,M,65,MON FNF,19881201 0000,19881231 0000,26609,,AF,,
TLG,M,65,MON FNF,19890101 0000,19890131 0000,36544,,AF,,
TLG,M,65,MON FNF,19890201 0000,19890228 0000,61500,,AF,,
TLG,M,65,MON FNF,19890301 0000,19890331 0000,285046,,AF,,
TLG,M,65,MON FNF,19890401 0000,19890430 0000,309418,,AF,,
TLG,M,65,MON FNF,19890501 0000,19890529 0000,320768,,AF,,
TLG,M,65,MON FNF,19890601 0000,19890628 0000,207394,,AF,,
TLG,M,65,MON FNF,19890701 0000,19890729 0000,28061,,AF,,
TLG,M,65,MON FNF,19890801 0000,19890831 0000,2106,,AF,,
TLG,M,65,MON FNF,19890901 0000,19890930 0000,9679,,AF,,
TLG,M,65,MON FNF,19891001 0000,19891031 0000,48807,,AF,,
TLG,M,65,MON FNF,19891101 0000,19891130 0000,24878,,AF,,
TLG,M,65,MON FNF,19891201 0000,19891231 0000,21644,,AF,,
TLG,M,65,MON FNF,19900101 0000,19900131 0000,38235,,AF,,
TLG,M,65,MON FNF,19900201 0000,19900228 0000,52727,,AF,,
TLG,M,65,MON FNF,19900301 0000,19900331 0000,129680,,AF,,
TLG,M,65,MON FNF,19900401 0000,19900430 0000,220291,,AF,,
TLG,M,65,MON FNF,19900501 0000,19900531 0000,181713,,AF,,
TLG,M,65,MON FNF,19900601 0000,19900630 0000,100254,,AF,,
TLG,M,65,MON FNF,19900701 0000,19900731 0000,20080,,AF,,
TLG,M,65,MON FNF,19900801 0000,19900831 0000,3600,,AF,,
TLG,M,65,MON FNF,19900901 0000,19900930 0000,682,,AF,,
TLG,M,65,MON FNF,19901001 0000,19901031 0000,1249,,AF,,
TLG,M,65,MON FNF,19901101 0000,19901130 0000,8477,,AF,,
TLG,M,65,MON FNF,19901201 0000,19901229 0000,4504,,AF,,
TLG,M,65,MON FNF,19910101 0000,19910131 0000,4977,,AF,,
TLG,M,65,MON FNF,19910201 0000,19910228 0000,8149,,AF,,
TLG,M,65,MON FNF,19910301 0000,19910331 0000,167738,,AF,,
TLG,M,65,MON FNF,19910401 0000,19910430 0000,179569,,AF,,
TLG,M,65,MON FNF,19910501 0000,19910529 0000,335932,,AF,,
TLG,M,65,MON FNF,19910601 0000,19910628 0000,295465,,AF,,
TLG,M,65,MON FNF,19910701 0000,19910729 0000,67290,,AF,,
TLG,M,65,MON FNF,19910801 0000,19910829 0000,18991,,AF,,
TLG,M,65,MON FNF,19910901 0000,19910928 0000,6738,,AF,,
TLG,M,65,MON FNF,19911001 0000,19911031 0000,15712,,AF,,
TLG,M,65,MON FNF,19911101 0000,19911130 0000,25216,,AF,,
TLG,M,65,MON FNF,19911201 0000,19911231 0000,17934,,AF,,
TLG,M,65,MON FNF,19920101 0000,19920131 0000,25329,,AF,,
TLG,M,65,MON FNF,19920201 0000,19920229 0000,92880,,AF,,
TLG,M,65,MON FNF,19920301 0000,19920331 0000,114853,,AF,,
TLG,M,65,MON FNF,19920401 0000,19920430 0000,230294,,AF,,
TLG,M,65,MON FNF,19920501 0000,19920531 0000,189424,,AF,,
TLG,M,65,MON FNF,19920601 0000,19920630 0000,46305,,AF,,
TLG,M,65,MON FNF,19920701 0000,19920731 0000,59231,,AF,,
TLG,M,65,MON FNF,19920801 0000,19920831 0000,13795,,AF,,
TLG,M,65,MON FNF,19920901 0000,19920930 0000,4047,,AF,,
TLG,M,65,MON FNF,19921001 0000,19921031 0000,10431,,AF,,
TLG,M,65,MON FNF,19921101 0000,19921130 0000,14271,,AF,,
TLG,M,65,MON FNF,19921201 0000,19921231 0000,45928,,AF,,
TLG,M,65,MON FNF,19930101 0000,19930131 0000,278432,,AF,,
TLG,M,65,MON FNF,19930201 0000,19930228 0000,161069,,AF,,
TLG,M,65,MON FNF,19930301 0000,19930331 0000,319015,,AF,,
TLG,M,65,MON FNF,19930401 0000,19930430 0000,334965,,AF,,
TLG,M,65,MON FNF,19930501 0000,19930531 0000,630922,,AF,,
TLG,M,65,MON FNF,19930601 0000,19930630 0000,524051,,AF,,
TLG,M,65,MON FNF,19930701 0000,19930731 0000,225810,,AF,,
TLG,M,65,MON FNF,19930801 0000,19930831 0000,53823,,AF,,
TLG,M,65,MON FNF,19930901 0000,19930930 0000,24843,,AF,,
TLG,M,65,MON FNF,19931001 0000,19931031 0000,18787,,AF,,
TLG,M,65,MON FNF,19931101 0000,19931130 0000,7484,,AF,,
TLG,M,65,MON FNF,19931201 0000,19931231 0000,18418,,AF,,
TLG,M,65,MON FNF,19940101 0000,19940131 0000,21904,,AF,,
TLG,M,65,MON FNF,19940201 0000,19940228 0000,53241,,AF,,
TLG,M,65,MON FNF,19940301 0000,19940331 0000,108309,,AF,,
TLG,M,65,MON FNF,19940401 0000,19940430 0000,195219,,AF,,
TLG,M,65,MON FNF,19940501 0000,19940531 0000,275062,,AF,,
TLG,M,65,MON FNF,19940601 0000,19940630 0000,118698,,AF,,
TLG,M,65,MON FNF,19940701 0000,19940731 0000,32885,,AF,,
TLG,M,65,MON FNF,19940801 0000,19940831 0000,25176,,AF,,
TLG,M,65,MON FNF,19940901 0000,19940930 0000,9502,,AF,,
TLG,M,65,MON FNF,19941001 0000,19941031 0000,10217,,AF,,
TLG,M,65,MON FNF,19941101 0000,19941130 0000,64214,,AF,,
TLG,M,65,MON FNF,19941201 0000,19941231 0000,57836,,AF,,
TLG,M,65,MON FNF,19950101 0000,19950131 0000,347701,,AF,,
TLG,M,65,MON FNF,19950201 0000,19950228 0000,160230,,AF,,
TLG,M,65,MON FNF,19950301 0000,19950331 0000,578656,,AF,,
TLG,M,65,MON FNF,19950401 0000,19950430 0000,384947,,AF,,
TLG,M,65,MON FNF,19950501 0000,19950531 0000,658899,,AF,,
TLG,M,65,MON FNF,19950601 0000,19950630 0000,810870,,AF,,
TLG,M,65,MON FNF,19950701 0000,19950731 0000,651643,,AF,,
TLG,M,65,MON FNF,19950801 0000,19950831 0000,161589,,AF,,
TLG,M,65,MON FNF,19950901 0000,19960624 0000,35003,,AF,,
TLG,M,65,MON FNF,19951001 0000,19951031 0000,12041,,AF,,
TLG,M,65,MON FNF,19951101 0000,19951130 0000,7169,,AF,,
TLG,M,65,MON FNF,19951201 0000,19951231 0000,71564,,AF,,
TLG,M,65,MON FNF,19960101 0000,19960131 0000,129492,,AF,,
TLG,M,65,MON FNF,19960201 0000,19960229 0000,347688,,AF,,
TLG,M,65,MON FNF,19960301 0000,19960331 0000,289540,,AF,,
TLG,M,65,MON FNF,19960401 0000,19960430 0000,323424,,AF,,
TLG,M,65,MON FNF,19960501 0000,19960531 0000,576285,,AF,,
TLG,M,65,MON FNF,19960601 0000,19960630 0000,389269,,AF,,
TLG,M,65,MON FNF,19960701 0000,19960731 0000,132903,,AF,,
TLG,M,65,MON FNF,19960801 0000,19960801 0000,26072,,AF,,
TLG,M,65,MON FNF,19960901 0000,19960901 0000,10870,,AF,,
TLG,M,65,MON FNF,19961001 0000,19961001 0000,8112,,AF,,
TLG,M,65,MON FNF,19961101 0000,19961101 0000,111871,,AF,,
TLG,M,65,MON FNF,19961201 0000,19961201 0000,387137,,AF,,
TLG,M,65,MON FNF,19970101 0000,19970101 0000,1033397,,AF,,
TLG,M,65,MON FNF,19970201 0000,19970201 0000,170075,,AF,,
TLG,M,65,MON FNF,19970301 0000,19970301 0000,231657,,AF,,
TLG,M,65,MON FNF,19970401 0000,19970401 0000,276654,,AF,,
TLG,M,65,MON FNF,19970501 0000,19970501 0000,541541,,AF,,
TLG,M,65,MON FNF,19970601 0000,19970601 0000,335830,,AF,,
TLG,M,65,MON FNF,19970701 0000,19970701 0000,57012,,AF,,
TLG,M,65,MON FNF,19970801 0000,19970801 0000,49118,,AF,,
TLG,M,65,MON FNF,19970901 0000,19970901 0000,21295,,AF,,
TLG,M,65,MON FNF,19971001 0000,19971001 0000,10250,,AF,,
TLG,M,65,MON FNF,19971101 0000,19971101 0000,18134,,AF,,
TLG,M,65,MON FNF,19971201 0000,19971201 0000,34987,,AF,,
TLG,M,65,MON FNF,19980101 0000,19980101 0000,202111,,AF,,
TLG,M,65,MON FNF,19980201 0000,19980201 0000,358314,,AF,,
TLG,M,65,MON FNF,19980301 0000,19980301 0000,353689,,AF,,
TLG,M,65,MON FNF,19980401 0000,19980401 0000,351279,,AF,,
TLG,M,65,MON FNF,19980501 0000,19980501 0000,476635, ,AF,,
TLG,M,65,MON FNF,19980601 0000,19980601 0000,854947, ,AF,,
TLG,M,65,MON FNF,19980701 0000,19980701 0000,559117, ,AF,,
TLG,M,65,MON FNF,19980801 0000,19980801 0000,83544, ,AF,,
TLG,M,65,MON FNF,19980901 0000,19980901 0000,35323, ,AF,,
TLG,M,65,MON FNF,19981001 0000,19981001 0000,20570, ,AF,,
TLG,M,65,MON FNF,19981101 0000,19981101 0000,48462, ,AF,,
TLG,M,65,MON FNF,19981201 0000,19981201 0000,67748, ,AF,,
TLG,M,65,MON FNF,19990101 0000,19990101 0000,135958, ,AF,,
TLG,M,65,MON FNF,19990201 0000,19990201 0000,252085, ,AF,,
TLG,M,65,MON FNF,19990301 0000,19990301 0000,170848, ,AF,,
TLG,M,65,MON FNF,19990401 0000,19990401 0000,261996, ,AF,,
TLG,M,65,MON FNF,19990501 0000,19990501 0000,568878, ,AF,,
TLG,M,65,MON FNF,19990601 0000,19990601 0000,436082, ,AF,,
TLG,M,65,MON FNF,19990701 0000,19990701 0000,109393, ,AF,,
TLG,M,65,MON FNF,19990801 0000,19990801 0000,35311, ,AF,,
TLG,M,65,MON FNF,19990901 0000,19990901 0000,20075, ,AF,,
TLG,M,65,MON FNF,19991001 0000,19991001 0000,11161, ,AF,,
TLG,M,65,MON FNF,19991101 0000,19991101 0000,17090, ,AF,,
TLG,M,65,MON FNF,19991201 0000,19991201 0000,10127, ,AF,,
TLG,M,65,MON FNF,20000101 0000,20000101 0000,131569, ,AF,,
TLG,M,65,MON FNF,20000201 0000,20000201 0000,276976, ,AF,,
TLG,M,65,MON FNF,20000301 0000,20000301 0000,252878, ,AF,,
TLG,M,65,MON FNF,20000401 0000,20000401 0000,334173, ,AF,,
TLG,M,65,MON FNF,20000501 0000,20000501 0000,539373, ,AF,,
TLG,M,65,MON FNF,20000601 0000,20000601 0000,321669, ,AF,,
TLG,M,65,MON FNF,20000701 0000,20000701 0000,70378, ,AF,,
TLG,M,65,MON FNF,20000801 0000,20000801 0000,35487, ,AF,,
TLG,M,65,MON FNF,20000901 0000,20000901 0000,18367, ,AF,,
TLG,M,65,MON FNF,20001001 0000,20001001 0000,17018, ,AF,,
TLG,M,65,MON FNF,20001101 0000,20001101 0000,16770, ,AF,,
TLG,M,65,MON FNF,20001201 0000,20001201 0000,22159, ,AF,,
TLG,M,65,MON FNF,20010101 0000,20010101 0000,31936, ,AF,,
TLG,M,65,MON FNF,20010201 0000,20010201 0000,59944, ,AF,,
TLG,M,65,MON FNF,20010301 0000,20010301 0000,179254, ,AF,,
TLG,M,65,MON FNF,20010401 0000,20010401 0000,226866, ,AF,,
TLG,M,65,MON FNF,20010501 0000,20010501 0000,407945, ,AF,,
TLG,M,65,MON FNF,20010601 0000,20010601 0000,55237, ,AF,,
TLG,M,65,MON FNF,20010701 0000,20010701 0000,12356, ,AF,,
TLG,M,65,MON FNF,20010801 0000,20010801 0000,1840, ,AF,,
TLG,M,65,MON FNF,20010901 0000,20010901 0000,2299, ,AF,,
TLG,M,65,MON FNF,20011001 0000,20011001 0000,4022, ,AF,,
TLG,M,65,MON FNF,20011101 0000,20011101 0000,39604, ,AF,,
TLG,M,65,MON FNF,20011201 0000,20011201 0000,93123, ,AF,,
TLG,M,65,MON FNF,20020101 0000,20020101 0000,108717, ,AF,,
TLG,M,65,MON FNF,20020201 0000,20020201 0000,79476, ,AF,,
TLG,M,65,MON FNF,20020301 0000,20020301 0000,141421, ,AF,,
TLG,M,65,MON FNF,20020401 0000,20020401 0000,301344, ,AF,,
TLG,M,65,MON FNF,20020501 0000,20020501 0000,371721, ,AF,,
TLG,M,65,MON FNF,20020601 0000,20020601 0000,223295, ,AF,,
TLG,M,65,MON FNF,20020701 0000,20020701 0000,24307, ,AF,,
TLG,M,65,MON FNF,20020801 0000,20020801 0000,8268, ,AF,,
TLG,M,65,MON FNF,20020901 0000,20020901 0000,6172, ,AF,,
TLG,M,65,MON FNF,20021001 0000,20021001 0000,28, ,AF,,
TLG,M,65,MON FNF,20021101 0000,20021101 0000,68924, ,AF,,
TLG,M,65,MON FNF,20021201 0000,20021201 0000,69119, ,AF,,
TLG,M,65,MON FNF,20030101 0000,20030101 0000,89266, ,AF,,
TLG,M,65,MON FNF,20030201 0000,20030201 0000,64967, ,AF,,
TLG,M,65,MON FNF,20030301 0000,20030301 0000,123601, ,AF,,
TLG,M,65,MON FNF,20030401 0000,20030401 0000,218261, ,AF,,
TLG,M,65,MON FNF,20030501 0000,20030501 0000,520406, ,AF,,
TLG,M,65,MON FNF,20030601 0000,20030601 0000,372393, ,AF,,
TLG,M,65,MON FNF,20030701 0000,20030701 0000,55418, ,AF,,
TLG,M,65,MON FNF,20030801 0000,20030801 0000,29801, ,AF,,
TLG,M,65,MON FNF,20030901 0000,20030901 0000,14910, ,AF,,
TLG,M,65,MON FNF,20031001 0000,20031001 0000,5290,r,AF,,
TLG,M,65,MON FNF,20031101 0000,20031101 0000,13433, ,AF,,
TLG,M,65,MON FNF,20031201 0000,20031201 0000,81967, ,AF,,
TLG,M,65,MON FNF,20040101 0000,20040101 0000,70412, ,AF,,
TLG,M,65,MON FNF,20040201 0000,20040201 0000,109926, ,AF,,
TLG,M,65,MON FNF,20040301 0000,20040301 0000,256982, ,AF,,
TLG,M,65,MON FNF,20040401 0000,20040401 0000,264345, ,AF,,
TLG,M,65,MON FNF,20040501 0000,20040501 0000,317855,r,AF,,
TLG,M,65,MON FNF,20040601 0000,20040601 0000,147694, ,AF,,
TLG,M,65,MON FNF,20040701 0000,20040701 0000,32660, ,AF,,
TLG,M,65,MON FNF,20040801 0000,20040801 0000,13385, ,AF,,
TLG,M,65,MON FNF,20040901 0000,20040901 0000,7174, ,AF,,
TLG,M,65,MON FNF,20041001 0000,20041001 0000,53934,r,AF,,
TLG,M,65,MON FNF,20041101 0000,20041101 0000,54559, ,AF,,
TLG,M,65,MON FNF,20041201 0000,20041201 0000,71105,r,AF,,
TLG,M,65,MON FNF,20050101 0000,20050101 0000,259683, ,AF,,
TLG,M,65,MON FNF,20050201 0000,20050201 0000,192224, ,AF,,
TLG,M,65,MON FNF,20050301 0000,20050301 0000,325003, ,AF,,
TLG,M,65,MON FNF,20050401 0000,20050401 0000,305021,,AF,,
TLG,M,65,MON FNF,20050501 0000,20050501 0000,836862, ,AF,,
TLG,M,65,MON FNF,20050601 0000,20050601 0000,588840, ,AF,,
TLG,M,65,MON FNF,20050701 0000,20050701 0000,257935, ,AF,,
TLG,M,65,MON FNF,20050801 0000,20050801 0000,39897, ,AF,,
TLG,M,65,MON FNF,20050901 0000,20050901 0000,20893, ,AF,,
TLG,M,65,MON FNF,20051001 0000,20051001 0000,14682,r,AF,,
TLG,M,65,MON FNF,20051101 0000,20051101 0000,16323, ,AF,,
TLG,M,65,MON FNF,20051201 0000,20051201 0000,248395,r,AF,,
TLG,M,65,MON FNF,20060101 0000,20060101 0000,247956, ,AF,,
TLG,M,65,MON FNF,20060201 0000,20060201 0000,154173, ,AF,,
TLG,M,65,MON FNF,20060301 0000,20060301 0000,295785, ,AF,,
TLG,M,65,MON FNF,20060401 0000,20060401 0000,609828, ,AF,,
TLG,M,65,MON FNF,20060501 0000,20060501 0000,816371, ,AF,,
TLG,M,65,MON FNF,20060601 0000,20060601 0000,649434, ,AF,,
TLG,M,65,MON FNF,20060701 0000,20060701 0000,207553, ,AF,,
TLG,M,65,MON FNF,20060801 0000,20060801 0000,37040,r,AF,,
TLG,M,65,MON FNF,20060901 0000,20060901 0000,15370, ,AF,,
TLG,M,65,MON FNF,20061001 0000,20061001 0000,10930,r,AF,,
TLG,M,65,MON FNF,20061101 0000,20061101 0000,18748, ,AF,,
TLG,M,65,MON FNF,20061201 0000,20061201 0000,29301,r,AF,,
TLG,M,65,MON FNF,20070101 0000,20070101 0000,28003,r,AF,,
TLG,M,65,MON FNF,20070201 0000,20070201 0000,94068,r,AF,,
TLG,M,65,MON FNF,20070301 0000,20070301 0000,147059, ,AF,,
TLG,M,65,MON FNF,20070401 0000,20070401 0000,174930,r,AF,,
TLG,M,65,MON FNF,20070501 0000,20070501 0000,251252, ,AF,,
TLG,M,65,MON FNF,20070601 0000,20070601 0000,61471, ,AF,,
TLG,M,65,MON FNF,20070701 0000,20070701 0000,14872, ,AF,,
TLG,M,65,MON FNF,20070801 0000,20070801 0000,10338, ,AF,,
TLG,M,65,MON FNF,20070901 0000,20070901 0000,7696, ,AF,,
TLG,M,65,MON FNF,20071001 0000,20071001 0000,6859,r,AF,,
TLG,M,65,MON FNF,20071101 0000,20071101 0000,7035,,AF,,
TLG,M,65,MON FNF,20071201 0000,20071201 0000,18032,r,AF,,
TLG,M,65,MON FNF,20080101 0000,20080101 0000,77731, ,AF,,
TLG,M,65,MON FNF,20080201 0000,20080201 0000,100736, ,AF,,
TLG,M,65,MON FNF,20080301 0000,20080301 0000,123659, ,AF,,
TLG,M,65,MON FNF,20080401 0000,20080401 0000,188561, ,AF,,
TLG,M,65,MON FNF,20080501 0000,20080501 0000,360341,r,AF,,
TLG,M,65,MON FNF,20080601 0000,20080601 0000,203979, ,AF,,
TLG,M,65,MON FNF,20080701 0000,20080701 0000,32469, ,AF,,
TLG,M,65,MON FNF,20080801 0000,20080801 0000,4989, ,AF,,
TLG,M,65,MON FNF,20080901 0000,20080901 0000,4401, ,AF,,
TLG,M,65,MON FNF,20081001 0000,20081001 0000,4312, ,AF,,
TLG,M,65,MON FNF,20081101 0000,20081101 0000,61501, ,AF,,
TLG,M,65,MON FNF,20081201 0000,20081201 0000,27456,r,AF,,
TLG,M,65,MON FNF,20090101 0000,20090101 0000,105360, ,AF,,
TLG,M,65,MON FNF,20090201 0000,20090201 0000,118142, ,AF,,
TLG,M,65,MON FNF,20090301 0000,20090301 0000,228343, ,AF,,
TLG,M,65,MON FNF,20090401 0000,20090401 0000,259796,r,AF,,
TLG,M,65,MON FNF,20090501 0000,20090501 0000,563144, ,AF,,
TLG,M,65,MON FNF,20090601 0000,20090601 0000,225187,r,AF,,
TLG,M,65,MON FNF,20090701 0000,20090701 0000,56825, ,AF,,
TLG,M,65,MON FNF,20090801 0000,20090801 0000,8527, ,AF,,
TLG,M,65,MON FNF,20090901 0000,20090901 0000,6514, ,AF,,
TLG,M,65,MON FNF,20091001 0000,20091001 0000,54425, ,AF,,
TLG,M,65,MON FNF,20091101 0000,20091101 0000,11379, ,AF,,
TLG,M,65,MON FNF,20091201 0000,20091201 0000,38607, ,AF,,
TLG,M,65,MON FNF,20100101 0000,20100101 0000,90384, ,AF,,
TLG,M,65,MON FNF,20100201 0000,20100201 0000,103469, ,AF,,
TLG,M,65,MON FNF,20100301 0000,20100301 0000,160717, ,AF,,
TLG,M,65,MON FNF,20100401 0000,20100401 0000,249967, ,AF,,
TLG,M,65,MON FNF,20100501 0000,20100501 0000,386298, ,AF,,
TLG,M,65,MON FNF,20100601 0000,20100601 0000,629376, ,AF,,
TLG,M,65,MON FNF,20100701 0000,20100701 0000,142753, ,AF,,
TLG,M,65,MON FNF,20100801 0000,20100801 0000,13999,r,AF,,
TLG,M,65,MON FNF,20100901 0000,20100901 0000,6169,r,AF,,
TLG,M,65,MON FNF,20101001 0000,20101001 0000,107671, ,AF,,
TLG,M,65,MON FNF,20101101 0000,20101101 0000,80548,r,AF,,
TLG,M,65,MON FNF,20101201 0000,20101201 0000,336431,r,AF,,
TLG,M,65,MON FNF,20110101 0000,20110101 0000,171791,r,AF,,
TLG,M,65,MON FNF,20110201 0000,20110201 0000,138775,r,AF,,
TLG,M,65,MON FNF,20110301 0000,20110301 0000,413537,r,AF,,
TLG,M,65,MON FNF,20110401 0000,20110401 0000,433460,r,AF,,
TLG,M,65,MON FNF,20110501 0000,20110501 0000,520414,r,AF,,
TLG,M,65,MON FNF,20110601 0000,20110601 0000,772916,r,AF,,
TLG,M,65,MON FNF,20110701 0000,20110701 0000,445711,r,AF,,
TLG,M,65,MON FNF,20110801 0000,20110801 0000,78348,,AF,,
TLG,M,65,MON FNF,20110901 0000,20110901 0000,24652,r,AF,,
TLG,M,65,MON FNF,20111001 0000,20111001 0000,41218,r,AF,,
TLG,M,65,MON FNF,20111101 0000,20111101 0000,19257,r,AF,,
TLG,M,65,MON FNF,20111201 0000,20111201 0000,5431,r,AF,,
TLG,M,65,MON FNF,20120101 0000,20120101 0000,48184,r,AF,,
TLG,M,65,MON FNF,20120201 0000,20120201 0000,33460, ,AF,,
TLG,M,65,MON FNF,20120301 0000,20120301 0000,106774, ,AF,,
TLG,M,65,MON FNF,20120401 0000,20120401 0000,289238, ,AF,,
TLG,M,65,MON FNF,20120501 0000,20120501 0000,250568, ,AF,,
TLG,M,65,MON FNF,20120601 0000,20120601 0000,56643, ,AF,,
TLG,M,65,MON FNF,20120701 0000,20120701 0000,12975, ,AF,,
TLG,M,65,MON FNF,20120801 0000,20120801 0000,7621, ,AF,,
TLG,M,65,MON FNF,20120901 0000,20120901 0000,4100, ,AF,,
TLG,M,65,MON FNF,20121001 0000,20121001 0000,3509, ,AF,,
TLG,M,65,MON FNF,20121101 0000,20121101 0000,32793, ,AF,,
TLG,M,65,MON FNF,20121201 0000,20121201 0000,192120, ,AF,,
TLG,M,65,MON FNF,20130101 0000,20130101 0000,73338, ,AF,,
TLG,M,65,MON FNF,20130201 0000,20130201 0000,49532, ,AF,,
TLG,M,65,MON FNF,20130301 0000,20130301 0000,125520, ,AF,,
TLG,M,65,MON FNF,20130401 0000,20130401 0000,232177, ,AF,,
TLG,M,65,MON FNF,20130501 0000,20130501 0000,245796, ,AF,,
TLG,M,65,MON FNF,20130601 0000,20130601 0000,98834, ,AF,,
TLG,M,65,MON FNF,20130701 0000,20130701 0000,20235, ,AF,,
TLG,M,65,MON FNF,20130801 0000,20130801 0000,8926, ,AF,,
TLG,M,65,MON FNF,20130901 0000,20130901 0000,4368, ,AF,,
TLG,M,65,MON FNF,20131001 0000,20131001 0000,5276, ,AF,,
TLG,M,65,MON FNF,20131101 0000,20131101 0000,4907, ,AF,,
TLG,M,65,MON FNF,20131201 0000,20131201 0000,5625, ,AF,,
TLG,M,65,MON FNF,20140101 0000,20140101 0000,4159, ,AF,,
TLG,M,65,MON FNF,20140201 0000,20140201 0000,52271, ,AF,,
TLG,M,65,MON FNF,20140301 0000,20140301 0000,94163, ,AF,,
TLG,M,65,MON FNF,20140401 0000,20140401 0000,169165, ,AF,,
TLG,M,65,MON FNF,20140501 0000,20140501 0000,188522, ,AF,,
TLG,M,65,MON FNF,20140601 0000,20140601 0000,54159, ,AF,,
TLG,M,65,MON FNF,20140701 0000,20140701 0000,11508, ,AF,,
TLG,M,65,MON FNF,20140801 0000,20140801 0000,6248, ,AF,,
TLG,M,65,MON FNF,20140901 0000,20140901 0000,4534, ,AF,,
TLG,M,65,MON FNF,20141001 0000,20141001 0000,2646, ,AF,,
TLG,M,65,MON FNF,20141101 0000,20141101 0000,8952, ,AF,,
TLG,M,65,MON FNF,20141201 0000,20141201 0000,69403, ,AF,,
TLG,M,65,MON FNF,20150101 0000,20150101 0000,24724, ,AF,,
TLG,M,65,MON FNF,20150201 0000,20150201 0000,113855, ,AF,,
TLG,M,65,MON FNF,20150301 0000,20150301 0000,57402, ,AF,,
TLG,M,65,MON FNF,20150401 0000,20150401 0000,85227, ,AF,,
TLG,M,65,MON FNF,20150501 0000,20150501 0000,143894,r,AF,,
TLG,M,65,MON FNF,20150601 0000,20150601 0000,61731, ,AF,,
TLG,M,65,MON FNF,20150701 0000,20150701 0000,17100, ,AF,,
TLG,M,65,MON FNF,20150801 0000,20150801 0000,7466, ,AF,,
TLG,M,65,MON FNF,20150901 0000,20150901 0000,6458, ,AF,,
TLG,M,65,MON FNF,20151001 0000,20151001 0000,10667, ,AF,,
TLG,M,65,MON FNF,20151101 0000,20151101 0000,37500, ,AF,,
TLG,M,65,MON FNF,20151201 0000,20151201 0000,100187, ,AF,,
TLG,M,65,MON FNF,20160101 0000,20160101 0000,150011, ,AF,,
TLG,M,65,MON FNF,20160201 0000,20160201 0000,144145, ,AF,,
TLG,M,65,MON FNF,20160301 0000,20160301 0000,341323, ,AF,,
TLG,M,65,MON FNF,20160401 0000,20160401 0000,318979, ,AF,,
TLG,M,65,MON FNF,20160501 0000,20160501 0000,362149, ,AF,,
TLG,M,65,MON FNF,20160601 0000,20160601 0000,295034, ,AF,,
TLG,M,65,MON FNF,20160701 0000,20160701 0000,43915, ,AF,,
TLG,M,65,MON FNF,20160801 0000,20160801 0000,9681, ,AF,,
TLG,M,65,MON FNF,20160901 0000,20160901 0000,5028, ,AF,,
TLG,M,65,MON FNF,20161001 0000,20161001 0000,129128, ,AF,,
TLG,M,65,MON FNF,20161101 0000,20161101 0000,64517, ,AF,,
TLG,M,65,MON FNF,20161201 0000,20161201 0000,198421, ,AF,,
TLG,M,65,MON FNF,20170101 0000,20170101 0000,655646, ,AF,,
TLG,M,65,MON FNF,20170201 0000,20170201 0000,829430, ,AF,,
TLG,M,65,MON FNF,20170301 0000,20170301 0000,399705, ,AF,,
TLG,M,65,MON FNF,20170401 0000,20170401 0000,525691, ,AF,,
TLG,M,65,MON FNF,20170501 0000,20170501 0000,768528, ,AF,,
TLG,M,65,MON FNF,20170601 0000,20170601 0000,807570, ,AF,,
TLG,M,65,MON FNF,20170701 0000,20170701 0000,352380, ,AF,,
TLG,M,65,MON FNF,20170801 0000,20170801 0000,88512, ,AF,,
TLG,M,65,MON FNF,20170901 0000,20170901 0000,42581, ,AF,,
TLG,M,65,MON FNF,20171001 0000,20171001 0000,26571, ,AF,,
TLG,M,65,MON FNF,20171101 0000,20171101 0000,93225, ,AF,,
TLG,M,65,MON FNF,20171201 0000,20171201 0000,32091, ,AF,,
TLG,M,65,MON FNF,20180101 0000,20180101 0000,77490, ,AF,,
TLG,M,65,MON FNF,20180201 0000,20180201 0000,34443, ,AF,,
TLG,M,65,MON FNF,20180301 0000,20180301 0000,356838, ,AF,,
TLG,M,65,MON FNF,20180401 0000,20180401 0000,473905, ,AF,,
TLG,M,65,MON FNF,20180501 0000,20180501 0000,348076, ,AF,,
TLG,M,65,MON FNF,20180601 0000,20180601 0000,154806, ,AF,,
TLG,M,65,MON FNF,20180701 0000,20180701 0000,34840, ,AF,,
TLG,M,65,MON FNF,20180801 0000,20180801 0000,22334, ,AF,,
TLG,M,65,MON FNF,20180901 0000,20180901 0000,18276, ,AF,,
TLG,M,65,MON FNF,20181001 0000,20181001 0000,14116, ,AF,,
TLG,M,65,MON FNF,20181101 0000,20181101 0000,24704, ,AF,,
TLG,M,65,MON FNF,20181201 0000,20181201 0000,41679, ,AF,,
TLG,M,65,MON FNF,20190101 0000,20190101 0000,118197, ,AF,,
TLG,M,65,MON FNF,20190201 0000,20190201 0000,344180, ,AF,,
TLG,M,65,MON FNF,20190301 0000,20190301 0000,364538, ,AF,,
TLG,M,65,MON FNF,20190401 0000,20190401 0000,449611, ,AF,,
TLG,M,65,MON FNF,20190501 0000,20190501 0000,565539, ,AF,,
TLG,M,65,MON FNF,20190601 0000,20190601 0000,730328, ,AF,,
TLG,M,65,MON FNF,20190701 0000,20190701 0000,244698, ,AF,,
TLG,M,65,MON FNF,20190801 0000,20190801 0000,53542, ,AF,,
TLG,M,65,MON FNF,20190901 0000,20190901 0000,32908, ,AF,,
TLG,M,65,MON FNF,20191001 0000,20191001 0000,23649, ,AF,,
TLG,M,65,MON FNF,20191101 0000,20191101 0000,12645, ,AF,,
TLG,M,65,MON FNF,20191201 0000,20191201 0000,71394, ,AF,,
TLG,M,65,MON FNF,20200101 0000,20200101 0000,35897, ,AF,,
TLG,M,65,MON FNF,20200201 0000,20200201 0000,35691, ,AF,,
TLG,M,65,MON FNF,20200301 0000,20200301 0000,90175, ,AF,,
TLG,M,65,MON FNF,20200401 0000,20200401 0000,261453, ,AF,,
TLG,M,65,MON FNF,20200501 0000,20200501 0000,315164, ,AF,,
TLG,M,65,MON FNF,20200601 0000,20200601 0000,84963, ,AF,,
TLG,M,65,MON FNF,20200701 0000,20200701 0000,25281, ,AF,,
TLG,M,65,MON FNF,20200801 0000,20200801 0000,13567, ,AF,,
TLG,M,65,MON FNF,20200901 0000,20200901 0000,0,e,AF,,
TLG,M,65,MON FNF,20201001 0000,20201001 0000,5652, ,AF,,
TLG,M,65,MON FNF,20201101 0000,20201101 0000,1001, ,AF,,
TLG,M,65,MON FNF,20201201 0000,20201201 0000,13799, ,AF,,
TLG,M,65,MON FNF,20210101 0000,20210101 0000,17109, ,AF,,
TLG,M,65,MON FNF,20210201 0000,20210201 0000,39227, ,AF,,
TLG,M,65,MON FNF,20210301 0000,20210301 0000,68506, ,AF,,
TLG,M,65,MON FNF,20210401 0000,20210401 0000,182954, ,AF,,
TLG,M,65,MON FNF,20210501 0000,20210501 0000,210126, ,AF,,
TLG,M,65,MON FNF,20210601 0000,20210601 0000,44807, ,AF,,
TLG,M,65,MON FNF,20210701 0000,20210701 0000,10998, ,AF,,
TLG,M,65,MON FNF,20210801 0000,20210801 0000,7455, ,AF,,
TLG,M,65,MON FNF,20210901 0000,20210901 0000,5688, ,AF,,
TLG,M,65,MON FNF,20211001 0000,20211001 0000,83709, ,AF,,
TLG,M,65,MON FNF,20211101 0000,20211101 0000,59249, ,AF,,
TLG,M,65,MON FNF,20211201 0000,20211201 0000,117516, ,AF,,
TLG,M,65,MON FNF,20220101 0000,20220101 0000,71189, ,AF,,
TLG,M,65,MON FNF,20220201 0000,20220201 0000,61393, ,AF,,
TLG,M,65,MON FNF,20220301 0000,20220301 0000,112367, ,AF,,
TLG,M,65,MON FNF,20220401 0000,20220401 0000,200490, ,AF,,
TLG,M,65,MON FNF,20220501 0000,20220501 0000,231853, ,AF,,
TLG,M,65,MON FNF,20220601 0000,20220601 0000,84673, ,AF,,<<- Added mannually 11/6/2022
,,,,20220701 0000,20220701 0000,18154,,,,<<- Added mannually 11/6/2022
,,,,20220801 0000,20220801 0000,17407,,,,<<- Added mannually 11/6/2022
,,,,20220901 0000,20220901 0000,13039,,,,<<- Added mannually 11/6/2022