STATION_ID,DURATION,SENSOR_NUMBER,SENSOR_TYPE,DATE TIME,OBS DATE,VALUE,DATA_FLAG,UNITS
TLG,M,66,MON FLO,19851001 0000,19851031 0000,53670,,AF
TLG,M,66,MON FLO,19851101 0000,19851130 0000,43100,,AF
TLG,M,66,MON FLO,19851201 0000,19851231 0000,59530,,AF
TLG,M,66,MON FLO,19860101 0000,19860131 0000,26920,,AF
TLG,M,66,MON FLO,19860201 0000,19860228 0000,103750,,AF
TLG,M,66,MON FLO,19860301 0000,19860331 0000,376100,,AF
TLG,M,66,MON FLO,19860401 0000,19860430 0000,414590,,AF
TLG,M,66,MON FLO,19860501 0000,19860531 0000,275940,,AF
TLG,M,66,MON FLO,19860601 0000,19860529 0000,238693,,AF
TLG,M,66,MON FLO,19860701 0000,19860731 0000,167570,,AF
TLG,M,66,MON FLO,19860801 0000,19860831 0000,139110,,AF
TLG,M,66,MON FLO,19860901 0000,19861001 0000,95790,,AF
TLG,M,66,MON FLO,19861001 0000,19861031 0000,111770,,AF
TLG,M,66,MON FLO,19861101 0000,19861130 0000,71780,,AF
TLG,M,66,MON FLO,19861201 0000,19861231 0000,132710,,AF
TLG,M,66,MON FLO,19870101 0000,19870131 0000,67210,,AF
TLG,M,66,MON FLO,19870201 0000,19870303 0000,38340,,AF
TLG,M,66,MON FLO,19870301 0000,19870331 0000,51860,,AF
TLG,M,66,MON FLO,19870401 0000,19870501 0000,129900,,AF
TLG,M,66,MON FLO,19870501 0000,19870531 0000,112850,,AF
TLG,M,66,MON FLO,19870601 0000,19870630 0000,117710,,AF
TLG,M,66,MON FLO,19870701 0000,19870731 0000,122230,,AF
TLG,M,66,MON FLO,19870801 0000,19870729 0000,134477,,AF
TLG,M,66,MON FLO,19870901 0000,19870829 0000,74608,,AF
TLG,M,66,MON FLO,19871001 0000,19870928 0000,35835,,AF
TLG,M,66,MON FLO,19871101 0000,19871029 0000,39860,,AF
TLG,M,66,MON FLO,19871201 0000,19871128 0000,13617,,AF
TLG,M,66,MON FLO,19880101 0000,19871229 0000,7323,,AF
TLG,M,66,MON FLO,19880201 0000,19880131 0000,6216,,AF
TLG,M,66,MON FLO,19880301 0000,19880229 0000,95240,,AF
TLG,M,66,MON FLO,19880401 0000,19880331 0000,61208,,AF
TLG,M,66,MON FLO,19880501 0000,19880430 0000,38297,,AF
TLG,M,66,MON FLO,19880601 0000,19880529 0000,60530,,AF
TLG,M,66,MON FLO,19880701 0000,19880628 0000,127831,,AF
TLG,M,66,MON FLO,19880801 0000,19880729 0000,57300,,AF
TLG,M,66,MON FLO,19880901 0000,19880829 0000,29096,,AF
TLG,M,66,MON FLO,19881001 0000,19880928 0000,6254,,AF
TLG,M,66,MON FLO,19881101 0000,19881029 0000,6732,,AF
TLG,M,66,MON FLO,19881201 0000,19881128 0000,5697,,AF
TLG,M,66,MON FLO,19890101 0000,19881229 0000,4272,,AF
TLG,M,66,MON FLO,19890201 0000,19890131 0000,4510,,AF
TLG,M,66,MON FLO,19890301 0000,19890228 0000,42270,,AF
TLG,M,66,MON FLO,19890401 0000,19890331 0000,63227,,AF
TLG,M,66,MON FLO,19890501 0000,19890430 0000,86446,,AF
TLG,M,66,MON FLO,19890601 0000,19890529 0000,112802,,AF
TLG,M,66,MON FLO,19890701 0000,19890628 0000,162744,,AF
TLG,M,66,MON FLO,19890801 0000,19890729 0000,134122,,AF
TLG,M,66,MON FLO,19890901 0000,19890829 0000,51334,,AF
TLG,M,66,MON FLO,19891001 0000,19890928 0000,13269,,AF
TLG,M,66,MON FLO,19891101 0000,19891029 0000,15915,,AF
TLG,M,66,MON FLO,19891201 0000,19891128 0000,21124,,AF
TLG,M,66,MON FLO,19900101 0000,19891229 0000,16177,,AF
TLG,M,66,MON FLO,19900201 0000,19900131 0000,8432,,AF
TLG,M,66,MON FLO,19900301 0000,19900228 0000,10187,,AF
TLG,M,66,MON FLO,19900401 0000,19900331 0000,123273,,AF
TLG,M,66,MON FLO,19900501 0000,19900430 0000,110503,,AF
TLG,M,66,MON FLO,19900601 0000,19900529 0000,100899,,AF
TLG,M,66,MON FLO,19900701 0000,19900729 0000,154963,,AF
TLG,M,66,MON FLO,19900801 0000,19900829 0000,135844,,AF
TLG,M,66,MON FLO,19900901 0000,19900928 0000,45804,,AF
TLG,M,66,MON FLO,19901001 0000,19901029 0000,46435,,AF
TLG,M,66,MON FLO,19901101 0000,19901128 0000,7446,,AF
TLG,M,66,MON FLO,19901201 0000,19901229 0000,21221,,AF
TLG,M,66,MON FLO,19910101 0000,19910131 0000,41613,,AF
TLG,M,66,MON FLO,19910201 0000,19910228 0000,20471,,AF
TLG,M,66,MON FLO,19910301 0000,19910331 0000,5786,,AF
TLG,M,66,MON FLO,19910401 0000,19910430 0000,73313,,AF
TLG,M,66,MON FLO,19910501 0000,19910529 0000,118477,,AF
TLG,M,66,MON FLO,19910601 0000,19910628 0000,107575,,AF
TLG,M,66,MON FLO,19910701 0000,19910729 0000,144123,,AF
TLG,M,66,MON FLO,19910801 0000,19910829 0000,128969,,AF
TLG,M,66,MON FLO,19910901 0000,19910928 0000,52320,,AF
TLG,M,66,MON FLO,19911001 0000,19911029 0000,48009,,AF
TLG,M,66,MON FLO,19911101 0000,19911128 0000,29187,,AF
TLG,M,66,MON FLO,19911201 0000,19911229 0000,12035,,AF
TLG,M,66,MON FLO,19920101 0000,19920131 0000,42818,,AF
TLG,M,66,MON FLO,19920201 0000,19920229 0000,84342,,AF
TLG,M,66,MON FLO,19920301 0000,19920331 0000,28009,,AF
TLG,M,66,MON FLO,19920401 0000,19920430 0000,131930,,AF
TLG,M,66,MON FLO,19920501 0000,19920529 0000,142308,,AF
TLG,M,66,MON FLO,19920601 0000,19920628 0000,117898,,AF
TLG,M,66,MON FLO,19920701 0000,19920729 0000,45135,,AF
TLG,M,66,MON FLO,19920801 0000,19920829 0000,128515,,AF
TLG,M,66,MON FLO,19920901 0000,19920928 0000,58889,,AF
TLG,M,66,MON FLO,19921001 0000,19921029 0000,21984,,AF
TLG,M,66,MON FLO,19921101 0000,19921128 0000,17349,,AF
TLG,M,66,MON FLO,19921201 0000,19921229 0000,16026,,AF
TLG,M,66,MON FLO,19930101 0000,19930131 0000,13801,,AF
TLG,M,66,MON FLO,19930201 0000,19930228 0000,10223,,AF
TLG,M,66,MON FLO,19930301 0000,19930331 0000,42065,,AF
TLG,M,66,MON FLO,19930401 0000,19930430 0000,136925,,AF
TLG,M,66,MON FLO,19930501 0000,19930529 0000,160913,,AF
TLG,M,66,MON FLO,19930601 0000,19930628 0000,158360,,AF
TLG,M,66,MON FLO,19930701 0000,19930729 0000,202696,,AF
TLG,M,66,MON FLO,19930801 0000,19930829 0000,57567,,AF
TLG,M,66,MON FLO,19930901 0000,19930928 0000,150361,,AF
TLG,M,66,MON FLO,19931001 0000,19931029 0000,93631,,AF
TLG,M,66,MON FLO,19931101 0000,19931128 0000,24676,,AF
TLG,M,66,MON FLO,19931201 0000,19931229 0000,25315,,AF
TLG,M,66,MON FLO,19940101 0000,19940131 0000,40986,,AF
TLG,M,66,MON FLO,19940201 0000,19940228 0000,26245,,AF
TLG,M,66,MON FLO,19940301 0000,19940331 0000,103097,,AF
TLG,M,66,MON FLO,19940401 0000,19940430 0000,142544,,AF
TLG,M,66,MON FLO,19940501 0000,19940529 0000,148063,,AF
TLG,M,66,MON FLO,19940601 0000,19940628 0000,140105,,AF
TLG,M,66,MON FLO,19940701 0000,19940729 0000,168274,,AF
TLG,M,66,MON FLO,19940801 0000,19940829 0000,55845,,AF
TLG,M,66,MON FLO,19940901 0000,19940928 0000,70040,,AF
TLG,M,66,MON FLO,19941001 0000,19941029 0000,34114,,AF
TLG,M,66,MON FLO,19941101 0000,19941128 0000,16725,,AF
TLG,M,66,MON FLO,19941201 0000,19941229 0000,17522,,AF
TLG,M,66,MON FLO,19950101 0000,19950131 0000,86677,,AF
TLG,M,66,MON FLO,19950201 0000,19950228 0000,263980,,AF
TLG,M,66,MON FLO,19950301 0000,19950331 0000,321087,,AF
TLG,M,66,MON FLO,19950401 0000,19950430 0000,486853,,AF
TLG,M,66,MON FLO,19950501 0000,19950529 0000,573162,,AF
TLG,M,66,MON FLO,19950601 0000,19950628 0000,44934,,AF
TLG,M,66,MON FLO,19950701 0000,19950729 0000,378910,,AF
TLG,M,66,MON FLO,19950801 0000,19950829 0000,220522,,AF
TLG,M,66,MON FLO,19950901 0000,19950928 0000,213626,,AF
TLG,M,66,MON FLO,19951001 0000,19951029 0000,184340,,AF
TLG,M,66,MON FLO,19951101 0000,19951128 0000,27713,,AF
TLG,M,66,MON FLO,19951201 0000,19951229 0000,53048,,AF
TLG,M,66,MON FLO,19960101 0000,19960131 0000,57116,,AF
TLG,M,66,MON FLO,19960201 0000,19960229 0000,294486,,AF
TLG,M,66,MON FLO,19960301 0000,19960331 0000,342712,,AF
TLG,M,66,MON FLO,19960401 0000,19960430 0000,265285,,AF
TLG,M,66,MON FLO,19960501 0000,19960529 0000,352705,,AF
TLG,M,66,MON FLO,19960601 0000,19960628 0000,188846,,AF
TLG,M,66,MON FLO,19960701 0000,19960729 0000,196409,,AF
TLG,M,66,MON FLO,19960801 0000,19960801 0000,171469,,AF
TLG,M,66,MON FLO,19960901 0000,19960901 0000,105007,,AF
TLG,M,66,MON FLO,19961001 0000,19961001 0000,95962,,AF
TLG,M,66,MON FLO,19961101 0000,19961101 0000,22265,,AF
TLG,M,66,MON FLO,19961201 0000,19961201 0000,279314,,AF
TLG,M,66,MON FLO,19970101 0000,19970101 0000,865509,,AF
TLG,M,66,MON FLO,19970201 0000,19970201 0000,488983,,AF
TLG,M,66,MON FLO,19970301 0000,19970301 0000,289129,,AF
TLG,M,66,MON FLO,19970401 0000,19970401 0000,184287,,AF
TLG,M,66,MON FLO,19970501 0000,19970501 0000,231933,,AF
TLG,M,66,MON FLO,19970601 0000,19970601 0000,157995,,AF
TLG,M,66,MON FLO,19970701 0000,19970701 0000,218362,,AF
TLG,M,66,MON FLO,19970801 0000,19970801 0000,176848,,AF
TLG,M,66,MON FLO,19970901 0000,19970901 0000,105713,,AF
TLG,M,66,MON FLO,19971001 0000,19971001 0000,83962,,AF
TLG,M,66,MON FLO,19971101 0000,19971101 0000,30438,,AF
TLG,M,66,MON FLO,19971201 0000,19971201 0000,30071,,AF
TLG,M,66,MON FLO,19980101 0000,19980101 0000,125693,,AF
TLG,M,66,MON FLO,19980201 0000,19980201 0000,351818,,AF
TLG,M,66,MON FLO,19980301 0000,19980301 0000,373002,,AF
TLG,M,66,MON FLO,19980401 0000,19980401 0000,380900,,AF
TLG,M,66,MON FLO,19980501 0000,19980501 0000,296906, ,AF
TLG,M,66,MON FLO,19980601 0000,19980601 0000,385759, ,AF
TLG,M,66,MON FLO,19980701 0000,19980701 0000,348351, ,AF
TLG,M,66,MON FLO,19980801 0000,19980801 0000,90578, ,AF
TLG,M,66,MON FLO,19980901 0000,19980901 0000,176126, ,AF
TLG,M,66,MON FLO,19981001 0000,19981001 0000,101964, ,AF
TLG,M,66,MON FLO,19981101 0000,19981101 0000,23722, ,AF
TLG,M,66,MON FLO,19981201 0000,19981201 0000,81573, ,AF
TLG,M,66,MON FLO,19990101 0000,19990101 0000,103436, ,AF
TLG,M,66,MON FLO,19990201 0000,19990201 0000,287331, ,AF
TLG,M,66,MON FLO,19990301 0000,19990301 0000,261469, ,AF
TLG,M,66,MON FLO,19990401 0000,19990401 0000,244538, ,AF
TLG,M,66,MON FLO,19990501 0000,19990501 0000,233861, ,AF
TLG,M,66,MON FLO,19990601 0000,19990601 0000,160994, ,AF
TLG,M,66,MON FLO,19990701 0000,19990701 0000,193218, ,AF
TLG,M,66,MON FLO,19990801 0000,19990801 0000,193335, ,AF
TLG,M,66,MON FLO,19990901 0000,19990901 0000,112711, ,AF
TLG,M,66,MON FLO,19991001 0000,19991001 0000,83268, ,AF
TLG,M,66,MON FLO,19991101 0000,19991101 0000,34871, ,AF
TLG,M,66,MON FLO,19991201 0000,19991201 0000,22153, ,AF
TLG,M,66,MON FLO,20000101 0000,20000101 0000,33925, ,AF
TLG,M,66,MON FLO,20000201 0000,20000201 0000,133269, ,AF
TLG,M,66,MON FLO,20000301 0000,20000301 0000,169944, ,AF
TLG,M,66,MON FLO,20000401 0000,20000401 0000,204329, ,AF
TLG,M,66,MON FLO,20000501 0000,20000501 0000,196903, ,AF
TLG,M,66,MON FLO,20000601 0000,20000601 0000,178838, ,AF
TLG,M,66,MON FLO,20000701 0000,20000701 0000,215778, ,AF
TLG,M,66,MON FLO,20000801 0000,20000801 0000,215004, ,AF
TLG,M,66,MON FLO,20000901 0000,20000901 0000,124768, ,AF
TLG,M,66,MON FLO,20001001 0000,20001001 0000,78331, ,AF
TLG,M,66,MON FLO,20001101 0000,20001101 0000,25452, ,AF
TLG,M,66,MON FLO,20001201 0000,20001201 0000,---, ,AF
TLG,M,66,MON FLO,20010101 0000,20010101 0000,29837, ,AF
TLG,M,66,MON FLO,20010201 0000,20010201 0000,---, ,AF
TLG,M,66,MON FLO,20010301 0000,20010301 0000,82048, ,AF
TLG,M,66,MON FLO,20010401 0000,20010401 0000,---, ,AF
TLG,M,66,MON FLO,20010501 0000,20010501 0000,---, ,AF
TLG,M,66,MON FLO,20010601 0000,20010601 0000,---, ,AF
TLG,M,66,MON FLO,20010701 0000,20010701 0000,---, ,AF
TLG,M,66,MON FLO,20010801 0000,20010801 0000,---, ,AF
TLG,M,66,MON FLO,20010901 0000,20010901 0000,---, ,AF
TLG,M,66,MON FLO,20011001 0000,20011001 0000,---, ,AF
TLG,M,66,MON FLO,20011101 0000,20011101 0000,---, ,AF
TLG,M,66,MON FLO,20011201 0000,20011201 0000,---, ,AF
TLG,M,66,MON FLO,20020101 0000,20020101 0000,---, ,AF
TLG,M,66,MON FLO,20020201 0000,20020201 0000,---, ,AF
TLG,M,66,MON FLO,20020301 0000,20020301 0000,---, ,AF
TLG,M,66,MON FLO,20020401 0000,20020401 0000,---, ,AF
TLG,M,66,MON FLO,20020501 0000,20020501 0000,---, ,AF
TLG,M,66,MON FLO,20020601 0000,20020601 0000,5617,r,AF
TLG,M,66,MON FLO,20020701 0000,20020701 0000,5613, ,AF
TLG,M,66,MON FLO,20020801 0000,20020801 0000,5816, ,AF
TLG,M,66,MON FLO,20020901 0000,20020901 0000,5501, ,AF
TLG,M,66,MON FLO,20021001 0000,20021001 0000,11497, ,AF
TLG,M,66,MON FLO,20021101 0000,20021101 0000,10799, ,AF
TLG,M,66,MON FLO,20021201 0000,20021201 0000,11151, ,AF
TLG,M,66,MON FLO,20030101 0000,20030101 0000,11103, ,AF
TLG,M,66,MON FLO,20030201 0000,20030201 0000,10192, ,AF
TLG,M,66,MON FLO,20030301 0000,20030301 0000,11074, ,AF
TLG,M,66,MON FLO,20030401 0000,20030401 0000,38795, ,AF
TLG,M,66,MON FLO,20030501 0000,20030501 0000,29286, ,AF
TLG,M,66,MON FLO,20030601 0000,20030601 0000,14263, ,AF
TLG,M,66,MON FLO,20030701 0000,20030701 0000,15479, ,AF
TLG,M,66,MON FLO,20030801 0000,20030801 0000,14120, ,AF
TLG,M,66,MON FLO,20030901 0000,20030901 0000,14773, ,AF
TLG,M,66,MON FLO,20031001 0000,20031001 0000,18240,r,AF
TLG,M,66,MON FLO,20031101 0000,20031101 0000,13720,r,AF
TLG,M,66,MON FLO,20031201 0000,20031201 0000,13910,r,AF
TLG,M,66,MON FLO,20040101 0000,20040101 0000,13712, ,AF
TLG,M,66,MON FLO,20040201 0000,20040201 0000,12660,r,AF
TLG,M,66,MON FLO,20040301 0000,20040301 0000,67540,r,AF
TLG,M,66,MON FLO,20040401 0000,20040401 0000,60070,r,AF
TLG,M,66,MON FLO,20040501 0000,20040501 0000,25310,r,AF
TLG,M,66,MON FLO,20040601 0000,20040601 0000,7560,r,AF
TLG,M,66,MON FLO,20040701 0000,20040701 0000,6610,r,AF
TLG,M,66,MON FLO,20040801 0000,20040801 0000,6540,r,AF
TLG,M,66,MON FLO,20040901 0000,20040901 0000,6540,r,AF
TLG,M,66,MON FLO,20041001 0000,20041001 0000,13206, ,AF
TLG,M,66,MON FLO,20041101 0000,20041101 0000,10959, ,AF
TLG,M,66,MON FLO,20041201 0000,20041201 0000,10762, ,AF
TLG,M,66,MON FLO,20050101 0000,20050101 0000,11195, ,AF
TLG,M,66,MON FLO,20050201 0000,20050201 0000,103513, ,AF
TLG,M,66,MON FLO,20050301 0000,20050301 0000,248931, ,AF
TLG,M,66,MON FLO,20050401 0000,20050401 0000,274973, ,AF
TLG,M,66,MON FLO,20050501 0000,20050501 0000,302711, ,AF
TLG,M,66,MON FLO,20050601 0000,20050601 0000,226350, ,AF
TLG,M,66,MON FLO,20050701 0000,20050701 0000,117214, ,AF
TLG,M,66,MON FLO,20050801 0000,20050801 0000,48582, ,AF
TLG,M,66,MON FLO,20050901 0000,20050901 0000,20509, ,AF
TLG,M,66,MON FLO,20051001 0000,20051001 0000,29443, ,AF
TLG,M,66,MON FLO,20051101 0000,20051101 0000,22118, ,AF
TLG,M,66,MON FLO,20051201 0000,20051201 0000,79640, ,AF
TLG,M,66,MON FLO,20060101 0000,20060101 0000,270339, ,AF
TLG,M,66,MON FLO,20060201 0000,20060201 0000,134019, ,AF
TLG,M,66,MON FLO,20060301 0000,20060301 0000,256112, ,AF
TLG,M,66,MON FLO,20060401 0000,20060401 0000,432401, ,AF
TLG,M,66,MON FLO,20060501 0000,20060501 0000,465669, ,AF
TLG,M,66,MON FLO,20060601 0000,20060601 0000,273525, ,AF
TLG,M,66,MON FLO,20060701 0000,20060701 0000,52679, ,AF
TLG,M,66,MON FLO,20060801 0000,20060801 0000,36476, ,AF
TLG,M,66,MON FLO,20060901 0000,20060901 0000,24762, ,AF
TLG,M,66,MON FLO,20061001 0000,20061001 0000,27713, ,AF
TLG,M,66,MON FLO,20061101 0000,20061101 0000,---, ,AF
TLG,M,66,MON FLO,20061201 0000,20061201 0000,21005, ,AF
TLG,M,66,MON FLO,20070101 0000,20070101 0000,21146, ,AF
TLG,M,66,MON FLO,20070201 0000,20070201 0000,18795, ,AF
TLG,M,66,MON FLO,20070301 0000,20070301 0000,20749, ,AF
TLG,M,66,MON FLO,20070401 0000,20070401 0000,28927, ,AF
TLG,M,66,MON FLO,20070501 0000,20070501 0000,23459, ,AF
TLG,M,66,MON FLO,20070601 0000,20070601 0000,7410, ,AF
TLG,M,66,MON FLO,20070701 0000,20070701 0000,7345, ,AF
TLG,M,66,MON FLO,20070801 0000,20070801 0000,7297, ,AF
TLG,M,66,MON FLO,20070901 0000,20070901 0000,6010, ,AF
TLG,M,66,MON FLO,20071001 0000,20071001 0000,8690,r,AF
TLG,M,66,MON FLO,20071101 0000,20071101 0000,10340,r,AF
TLG,M,66,MON FLO,20071201 0000,20071201 0000,10410,r,AF
TLG,M,66,MON FLO,20080101 0000,20080101 0000,10500,r,AF
TLG,M,66,MON FLO,20080201 0000,20080201 0000,9970,r,AF
TLG,M,66,MON FLO,20080301 0000,20080301 0000,10580,r,AF
TLG,M,66,MON FLO,20080401 0000,20080401 0000,31700,r,AF
TLG,M,66,MON FLO,20080501 0000,20080501 0000,41840,r,AF
TLG,M,66,MON FLO,20080601 0000,20080601 0000,5650,r,AF
TLG,M,66,MON FLO,20080701 0000,20080701 0000,5740,r,AF
TLG,M,66,MON FLO,20080801 0000,20080801 0000,6100,r,AF
TLG,M,66,MON FLO,20080901 0000,20080901 0000,5790,r,AF
TLG,M,66,MON FLO,20081001 0000,20081001 0000,10670,r,AF
TLG,M,66,MON FLO,20081101 0000,20081101 0000,9590,r,AF
TLG,M,66,MON FLO,20081201 0000,20081201 0000,10080,r,AF
TLG,M,66,MON FLO,20090101 0000,20090101 0000,10140,r,AF
TLG,M,66,MON FLO,20090201 0000,20090201 0000,9350,r,AF
TLG,M,66,MON FLO,20090301 0000,20090301 0000,10380,r,AF
TLG,M,66,MON FLO,20090401 0000,20090401 0000,22120,r,AF
TLG,M,66,MON FLO,20090501 0000,20090501 0000,42220,r,AF
TLG,M,66,MON FLO,20090601 0000,20090601 0000,8840,r,AF
TLG,M,66,MON FLO,20090701 0000,20090701 0000,6590,r,AF
TLG,M,66,MON FLO,20090801 0000,20090801 0000,6240,r,AF
TLG,M,66,MON FLO,20090901 0000,20090901 0000,6300,r,AF
TLG,M,66,MON FLO,20091001 0000,20091001 0000,23650,r,AF
TLG,M,66,MON FLO,20091101 0000,20091101 0000,15170,r,AF
TLG,M,66,MON FLO,20091201 0000,20091201 0000,15740,r,AF
TLG,M,66,MON FLO,20100101 0000,20100101 0000,14270,r,AF
TLG,M,66,MON FLO,20100201 0000,20100201 0000,12490,r,AF
TLG,M,66,MON FLO,20100301 0000,20100301 0000,17480,r,AF
TLG,M,66,MON FLO,20100401 0000,20100401 0000,79880,r,AF
TLG,M,66,MON FLO,20100501 0000,20100501 0000,166400,r,AF
TLG,M,66,MON FLO,20100601 0000,20100601 0000,152100,r,AF
TLG,M,66,MON FLO,20100701 0000,20100701 0000,49980,r,AF
TLG,M,66,MON FLO,20100801 0000,20100801 0000,19450,r,AF
TLG,M,66,MON FLO,20100901 0000,20100901 0000,18350,r,AF
TLG,M,66,MON FLO,20101001 0000,20101001 0000,27529, ,AF
TLG,M,66,MON FLO,20101101 0000,20101101 0000,21265, ,AF
TLG,M,66,MON FLO,20101201 0000,20101201 0000,256193, ,AF
TLG,M,66,MON FLO,20110101 0000,20110101 0000,251606, ,AF
TLG,M,66,MON FLO,20110201 0000,20110201 0000,177086, ,AF
TLG,M,66,MON FLO,20110301 0000,20110301 0000,314121, ,AF
TLG,M,66,MON FLO,20110401 0000,20110401 0000,439900, ,AF
TLG,M,66,MON FLO,20110501 0000,20110501 0000,201796, ,AF
TLG,M,66,MON FLO,20110601 0000,20110601 0000,296151, ,AF
TLG,M,66,MON FLO,20110701 0000,20110701 0000,125514, ,AF
TLG,M,66,MON FLO,20110801 0000,20110801 0000,145974, ,AF
TLG,M,66,MON FLO,20110901 0000,20110901 0000,67307, ,AF
TLG,M,66,MON FLO,20111001 0000,20111001 0000,27640, ,AF
TLG,M,66,MON FLO,20111101 0000,20111101 0000,19737, ,AF
TLG,M,66,MON FLO,20111201 0000,20111201 0000,20184, ,AF
TLG,M,66,MON FLO,20120101 0000,20120101 0000,20887, ,AF
TLG,M,66,MON FLO,20120201 0000,20120201 0000,19823, ,AF
TLG,M,66,MON FLO,20120301 0000,20120301 0000,20050, ,AF
TLG,M,66,MON FLO,20120401 0000,20120401 0000,16602,r,AF
TLG,M,66,MON FLO,20120501 0000,20120501 0000,49310, ,AF
TLG,M,66,MON FLO,20120601 0000,20120601 0000,6295, ,AF
TLG,M,66,MON FLO,20120701 0000,20120701 0000,6428, ,AF
TLG,M,66,MON FLO,20120801 0000,20120801 0000,6508, ,AF
TLG,M,66,MON FLO,20120901 0000,20120901 0000,6116, ,AF
TLG,M,66,MON FLO,20121001 0000,20121001 0000,15711, ,AF
TLG,M,66,MON FLO,20121101 0000,20121101 0000,---, ,AF
TLG,M,66,MON FLO,20121201 0000,20121201 0000,10750, ,AF
TLG,M,66,MON FLO,20130101 0000,20130101 0000,10776, ,AF
TLG,M,66,MON FLO,20130201 0000,20130201 0000,9530, ,AF
TLG,M,66,MON FLO,20130301 0000,20130301 0000,10382, ,AF
TLG,M,66,MON FLO,20130401 0000,20130401 0000,24609, ,AF
TLG,M,66,MON FLO,20130501 0000,20130501 0000,18377, ,AF
TLG,M,66,MON FLO,20130601 0000,20130601 0000,6165, ,AF
TLG,M,66,MON FLO,20130701 0000,20130701 0000,6634, ,AF
TLG,M,66,MON FLO,20130801 0000,20130801 0000,6862, ,AF
TLG,M,66,MON FLO,20130901 0000,20130901 0000,6099, ,AF
TLG,M,66,MON FLO,20131001 0000,20131001 0000,16542, ,AF
TLG,M,66,MON FLO,20131101 0000,20131101 0000,9879, ,AF
TLG,M,66,MON FLO,20131201 0000,20131201 0000,10086, ,AF
TLG,M,66,MON FLO,20140101 0000,20140101 0000,10090, ,AF
TLG,M,66,MON FLO,20140201 0000,20140201 0000,9052, ,AF
TLG,M,66,MON FLO,20140301 0000,20140301 0000,10065, ,AF
TLG,M,66,MON FLO,20140401 0000,20140401 0000,21091, ,AF
TLG,M,66,MON FLO,20140501 0000,20140501 0000,10129, ,AF
TLG,M,66,MON FLO,20140601 0000,20140601 0000,5830, ,AF
TLG,M,66,MON FLO,20140701 0000,20140701 0000,6282, ,AF
TLG,M,66,MON FLO,20140801 0000,20140801 0000,6279, ,AF
TLG,M,66,MON FLO,20140901 0000,20140901 0000,5899, ,AF
TLG,M,66,MON FLO,20141001 0000,20141001 0000,8882, ,AF
TLG,M,66,MON FLO,20141101 0000,20141101 0000,10286, ,AF
TLG,M,66,MON FLO,20141201 0000,20141201 0000,10679, ,AF
TLG,M,66,MON FLO,20150101 0000,20150101 0000,10497, ,AF
TLG,M,66,MON FLO,20150201 0000,20150201 0000,9580, ,AF
TLG,M,66,MON FLO,20150301 0000,20150301 0000,10724, ,AF
TLG,M,66,MON FLO,20150401 0000,20150401 0000,20881, ,AF
TLG,M,66,MON FLO,20150501 0000,20150501 0000,10126, ,AF
TLG,M,66,MON FLO,20150601 0000,20150601 0000,6025, ,AF
TLG,M,66,MON FLO,20150701 0000,20150701 0000,5773, ,AF
TLG,M,66,MON FLO,20150801 0000,20150801 0000,5712, ,AF
TLG,M,66,MON FLO,20150901 0000,20150901 0000,5251, ,AF
TLG,M,66,MON FLO,20151001 0000,20151001 0000,8705, ,AF
TLG,M,66,MON FLO,20151101 0000,20151101 0000,9608, ,AF
TLG,M,66,MON FLO,20151201 0000,20151201 0000,9843, ,AF
TLG,M,66,MON FLO,20160101 0000,20160101 0000,9859, ,AF
TLG,M,66,MON FLO,20160201 0000,20160201 0000,8925, ,AF
TLG,M,66,MON FLO,20160301 0000,20160301 0000,10299, ,AF
TLG,M,66,MON FLO,20160401 0000,20160401 0000,37619, ,AF
TLG,M,66,MON FLO,20160501 0000,20160501 0000,23501, ,AF
TLG,M,66,MON FLO,20160601 0000,20160601 0000,6573, ,AF
TLG,M,66,MON FLO,20160701 0000,20160701 0000,6476, ,AF
TLG,M,66,MON FLO,20160801 0000,20160801 0000,5994, ,AF
TLG,M,66,MON FLO,20160901 0000,20160901 0000,5172, ,AF
TLG,M,66,MON FLO,20161001 0000,20161001 0000,19313, ,AF
TLG,M,66,MON FLO,20161101 0000,20161101 0000,12234, ,AF
TLG,M,66,MON FLO,20161201 0000,20161201 0000,10742, ,AF
TLG,M,66,MON FLO,20170101 0000,20170101 0000,396103, ,AF
TLG,M,66,MON FLO,20170201 0000,20170201 0000,564278, ,AF
TLG,M,66,MON FLO,20170301 0000,20170301 0000,637091, ,AF
TLG,M,66,MON FLO,20170401 0000,20170401 0000,615550, ,AF
TLG,M,66,MON FLO,20170501 0000,20170501 0000,482757, ,AF
TLG,M,66,MON FLO,20170601 0000,20170601 0000,307021, ,AF
TLG,M,66,MON FLO,20170701 0000,20170701 0000,224807, ,AF
TLG,M,66,MON FLO,20170801 0000,20170801 0000,171052,e,AF
TLG,M,66,MON FLO,20170901 0000,20170901 0000,76559, ,AF
TLG,M,66,MON FLO,20171001 0000,20171001 0000,31144, ,AF
TLG,M,66,MON FLO,20171101 0000,20171101 0000,20043, ,AF
TLG,M,66,MON FLO,20171201 0000,20171201 0000,20824, ,AF
TLG,M,66,MON FLO,20180101 0000,20180101 0000,20575, ,AF
TLG,M,66,MON FLO,20180201 0000,20180201 0000,18692, ,AF
TLG,M,66,MON FLO,20180301 0000,20180301 0000,102188, ,AF
TLG,M,66,MON FLO,20180401 0000,20180401 0000,144912, ,AF
TLG,M,66,MON FLO,20180501 0000,20180501 0000,111838, ,AF
TLG,M,66,MON FLO,20180601 0000,20180601 0000,6538, ,AF
TLG,M,66,MON FLO,20180701 0000,20180701 0000,6925, ,AF
TLG,M,66,MON FLO,20180801 0000,20180801 0000,5922, ,AF
TLG,M,66,MON FLO,20180901 0000,20180901 0000,5678, ,AF
TLG,M,66,MON FLO,20181001 0000,20181001 0000,39805, ,AF
TLG,M,66,MON FLO,20181101 0000,20181101 0000,21642, ,AF
TLG,M,66,MON FLO,20181201 0000,20181201 0000,13928, ,AF
TLG,M,66,MON FLO,20190101 0000,20190101 0000,13363, ,AF
TLG,M,66,MON FLO,20190201 0000,20190201 0000,154417, ,AF
TLG,M,66,MON FLO,20190301 0000,20190301 0000,396859, ,AF
TLG,M,66,MON FLO,20190401 0000,20190401 0000,253709, ,AF
TLG,M,66,MON FLO,20190501 0000,20190501 0000,326524, ,AF
TLG,M,66,MON FLO,20190601 0000,20190601 0000,277016, ,AF
TLG,M,66,MON FLO,20190701 0000,20190701 0000,27866, ,AF
TLG,M,66,MON FLO,20190801 0000,20190801 0000,94058, ,AF
TLG,M,66,MON FLO,20190901 0000,20190901 0000,25268, ,AF
TLG,M,66,MON FLO,20191001 0000,20191001 0000,27406,r,AF
TLG,M,66,MON FLO,20191101 0000,20191101 0000,20170,r,AF
TLG,M,66,MON FLO,20191201 0000,20191201 0000,24651,r,AF
TLG,M,66,MON FLO,20200101 0000,20200101 0000,24502,r,AF
TLG,M,66,MON FLO,20200201 0000,20200201 0000,20920,r,AF
TLG,M,66,MON FLO,20200301 0000,20200301 0000,21200,r,AF
TLG,M,66,MON FLO,20200401 0000,20200401 0000,37125,r,AF
TLG,M,66,MON FLO,20200501 0000,20200501 0000,22614,r,AF
TLG,M,66,MON FLO,20200601 0000,20200601 0000,6046,r,AF
TLG,M,66,MON FLO,20200701 0000,20200701 0000,6184,r,AF
TLG,M,66,MON FLO,20200801 0000,20200801 0000,6430,r,AF
TLG,M,66,MON FLO,20200901 0000,20200901 0000,5867,r,AF
TLG,M,66,MON FLO,20201001 0000,20201001 0000,21117, ,AF
TLG,M,66,MON FLO,20201101 0000,20201101 0000,11098, ,AF
TLG,M,66,MON FLO,20201201 0000,20201201 0000,11500, ,AF
TLG,M,66,MON FLO,20210101 0000,20210101 0000,10907, ,AF
TLG,M,66,MON FLO,20210201 0000,20210201 0000,12567, ,AF
TLG,M,66,MON FLO,20210301 0000,20210301 0000,10443, ,AF
TLG,M,66,MON FLO,20210401 0000,20210401 0000,24484, ,AF
TLG,M,66,MON FLO,20210501 0000,20210501 0000,10007, ,AF
TLG,M,66,MON FLO,20210601 0000,20210601 0000,6640, ,AF
TLG,M,66,MON FLO,20210701 0000,20210701 0000,6394, ,AF
TLG,M,66,MON FLO,20210801 0000,20210801 0000,5942, ,AF
TLG,M,66,MON FLO,20210901 0000,20210901 0000,5689, ,AF
TLG,M,66,MON FLO,20211001 0000,20211001 0000,9251, ,AF
TLG,M,66,MON FLO,20211101 0000,20211101 0000,10435, ,AF
TLG,M,66,MON FLO,20211201 0000,20211201 0000,10715, ,AF
TLG,M,66,MON FLO,20220101 0000,20220101 0000,---, ,AF
